"E","U"
"Dhobi","دھوبى"
"Dholka","دھولکا"
"Dhoor","دھوڑ"
"Dhowi","دھوئى"
"Dhudhi","ڈھڈى"
"Dhuein","دھوئيں"
"Dhup","دھپ"
"Died","فوت ہوا"
"Diesel","ڈيزل"
"Diff","فرق"
"Difference","فرق"
"Different","مختلف"
"DIG","ڈىآئى جى"
"Digranwan","ڈگرانواں"
"Dik","ڈيرہ اسماعيل خان"
"Dil","دل"
"Dilbar","دلبر"
"Dildar","دلدار"
"Dilshad","دلشاد"
"Din","دين"
"Dinga","دينگا"
"Dipal","دیپال"
"Direct","ڈائريکٹ"
"Director","ڈائريکٹر"
"Directors","ڈائريکٹرز"
"Dirkhana","دھرکھانہ"
"Discount","ڈسکاوئنٹ"
"disk","ڈسک"
"Dismissed","برخاست"
"Dispenser","ڈسپنسر"
"Disposal","ڈسپوزل"
"Distagir","دستگير"
"Disterly","ڈسٹلرى"
"District","ضلع"
"Distt","ضلع"
"Distt.","ڈسٹرکٹ"
"Dita","دتہ"
"Ditta","دتہ"
"Diwaya","ڈيوايا"
"Diyal","ديال"
"Doctor","ڈاکٹر"
"Dogar","ڈوگر"
"Doka","دوکہ"
"Dolat","دولت"
"Doloana","دولوآنہ"
"Doluana","دولوآنہ"
"Donation","ڈونيشن"
"Donations","ڈونيشنز"
"Dosa","دوسہ"
"Dost","دوست"
"Douliat","دولت"
"Doust","دوست"
"Dowi","ڈوھى"
"DP","ڈى پى"
"DPO","ڈى پى او"
"Dr","ڈاکٹر"
"Dr.","ڈاکٹر"
"Drawing","ڈرائنگ"
"Draz","دراز"
"Drill","ڈرل"
"Driver","ڈرائيور"
"Droping","ڈراپنگ"
"Dropping","ڈراپنگ"
"DSP","ڈى ايس پى"
"DSP/Ahmadpur","ڈی ايس پى احمدپور"
"DSP/Chenab","ڈی ايس پى چناب"
"DSP/Chiniot","ڈی ايس پى چنيوٹ"
"DSP/CIA","ڈی ايس پى سى آئى اے"
"DSP/City","ڈی ايس پى سى سٹى"
"DSP/HQ","ڈی ايس پى ہیڈ کواٹر"
"DSP/Hqrs","ڈی ايس پى ہیڈ کواٹر"
"DSP/Investigation","ڈی ايس پى انوسٹى گيشن"
"DSP/Lalian","ڈی ايس پى لالياں"
"DSP/Legal","ڈی ايس پى ليگل"
"DSP/Sadar","ڈی ايس پى صدر"
"DSP/Shorkot","ڈی ايس پى شورکوٹ"
"Dubi","دوبئي"
"Duck","ڈک"
"Duckt","ڈکٹ"
"Dugri","ڈگرى"
"Dul","دل"
"Dullanwana","ڈلانوالہ"
"Duty","ڈيوٹى"
"e","اى"
"E/L","رخصت کلاں"
"Earned","رخصت اتفاقيہ"
"East","شرقى"
"Eastren","ايسٹرن"
"easy","ایزی"
"Ebadat","عبادت"
"Education","ايجوکيشن"
"Eesay","عيسائى"
"Egent","ايجنٹ"
"Ehsan","احسان"
"Eid","عيد"
"Eidgah","عيدگاہ"
"Eisa","عيسٰى"
"Ejaz","اعجاز"
"Elahi","الٰہى"
"Electric","اليکٹرک"
"Electrict","اليکٹرک"
"Electronics","اليکٹرونکس"
"Elehi","الٰى"
"Elite","ايليٹ"
"EM","اى ايم"
"Emaan","ایما ن"
"Embriobary","ايمبراڈرى"
"Employees","ايمپلائيز"
"End","اينڈ"
"Eng","انجينئرنگ"
"Engenring","انجينئرنگ"
"Engineering","انجينئرنگ"
"Enginering","انجينئرنگ"
"Enginring","انجينئرنگ"
"English","انگلش"
"Enter","انٹر"
"Enterpises","انٹرپرائزنگ"
"Enterprises","انٹرپرائز"
"Enterprizes","انٹرپرائزز"
"Entertainment","انٹرٹينمنٹ"
"Entertainments","انٹرٹينمنٹ"
"Entrprises","انٹرپرائزز"
"Entry","انٹری"
"Equipment","ايکوپمنٹ"
"Equipments","ايکوپمنٹس"
"Equity","ايکويٹى"
"Eraser","ربڑ"
"Escort","اسکورٹ"
"Estate","ايسٹيٹ"
"Etc","وغيرہ"
"Ex","سابقہ"
"Exchange","ايکسچينج"
"Excise","ايکسائز"
"Exp","خرچہ"
"Exp.","خرچہ"
"Expences","احراجات"
"Expencess","احراجات"
"Expense","احراجات"
"Expenses","احراجات"
"Explosive","ايکس پلوزو"
"Export","ايکسپورٹس"
"Exporters","ايکسپورٹس"
"Exports","ايکسپورٹس"
"Exports,","ايکسپورٹس"
"Extr","اضافي"
"F","ايف"
"Fabrics","فيبرکس"
"Fabrics,","فيبرکس"
"Factory","فيکٹرى"
"Factory,","فيکٹرى"
"Fahed","فہد"
"Fahim","فہيم"
"Fair","فيئر"
"Faisal","فيصل"
"Faisalabad","فيصل آباد"
"Faisalabad.","فيصل آباد"
"Faisalabd","فيصل آباد"
"Faislabad","فيصل آباد"
"Faiz","فيض"
"Faiza","فيضاں"
"Faizaullah","فيض اللہ"
"Fakhar","فخر"
"Fakhet","بخت"
"Falak","فلک"
"Family","فيملى"
"Fan","فين"
"Faqeer","فقير"
"Faqir","فقير"
"Faqirwali","فقير والى"
"Faraz","فراز"
"Fardaus","فردوس"
"Fardos","فردوس"
"Fardous","فردوس"
"Fareed","فريد"
"Farhan","فرحان"
"Farid","فريد"
"Faridika","فريدکا"
"Farm","فارم"
"Farooq","فاروق"
"Farooqabad","فاروق آباد"
"Farooqi","فاروقى"
"Farooque","فاروق"
"Farooz","فيروز"
"Farrukh","فرخ"
"Farukh","فرخ"
"Faryad","فرياد"
"Farzand","فرزند"
"Fast","فاسٹ"
"Fatah","فتح"
"Fateh","فتح"
"Fathers","باپ"
"Fatima","فاطمہ"
"Fatma","فاطمہ"
"Fauji","فوجى"
"Fax","فيکس"
"Fayaz","فياض"
"Faysal","فيصل"
"Fayyaz","فياض"
"Fazal","فضل"
"Fazil","فاضل"
"FBD","فيصل آباد"
"FDA","ايف ڈى اے"
"FDA,","ايف ڈى اے"
"Feda","فدا"
"Fedral","فيڈرل"
"Fee","فيس"
"Feeds","فيڈز"
"Fees","فيس"
"Feeza","فيضاں"
"Feezan","فيضان"
"Ferooz","فيروز"
"Feroz","فيروز"
"Feroze","فيروز"
"Ferozepur","فيروزپور"
"Ferozpur","فيروز پور"
"Ferozwatvana","فيروز وٹواں"
"Feteh","فتح"
"FIA","ايف آئى اے"
"Fiaz","فياض"
"Fiber","فائبر"
"Fibers","فائبرز"
"Fida","فدا"
"Field","فيلڈ"
"Filling","فلنگ"
"Filter","فلٹر"
"Finances","فنانس"
"Financial","فنانشل"
"Finda","فدا"
"Fine","فائن"
"Finger","فنگر"
"Finished","فائنل"
"Finishing","فنشنگ"
"FIR","مقدمہ"
"Firdaus","فردوس"
"First","اول"
"Fixed","فکسڈ"
"Fixture","فکسچر"
"Fixtures","فکسچرز"
"Fizan","فيضاں"
"Floor","فلور"
"Flour","فلور"
"Fly","فلائى"
"Foam","فوم"
"Foja","فوجا"
"Food","فوڈ"
"for","برائے"
"Force","فورس"
"Foreign","فارن"
"Forest","فارسٹ"
"Fort","فورٹ"
"Fourt","فورٹ"
"Fozia","فوزيہ"
"Frame","فريم"
"Freight","فريٹ"
"Freinds","فرينڈز"
"Friends","فرينڈز"
"Frinds","فرينڈز"
"from","از"
"FSD","فيصل اباد"
"Fuel","فيول"
"Fund","فنڈ"
"Fuqra","فقرا"
"Furniture","فرنيچر"
"Furqan","فرگان"
"G","جى"
"G.M.Raja","گڑھ مہاراجہ"
"Gabol","گلوبل"
"Gabool","گابول"
"Gada","گدا"
"Gadhi","گادھى"
"Gadhianwala","گادھدياں والا"
"Gadoon","گوڈاؤن"
"Gafoor","غفور"
"Gagh","گھگھ"
"Gah","گاہ"
"Gali","گلى"
"Galli","گلى"
"Gaman","گامن"
"Gamay","گامے"
"Games","گيمز"
"Ganda","گندا"
"Garah","گڑھا"
"Garbi","غربى"
"Garden","گارڈن"
"Garh","گڑھ"
"Garha","گڑھا"
"Garhmaharaja","گڑمہاراجہ"
"Garments","گارمنٹس"
"Gas","گيس"
"Gass","گيس"
"Gate","گيٹ"
"Gaus","غوث"
"Gawader","گوادر"
"Gazanfar","غضنفر"
"Gazar","گاذر"
"Gazette","گزٹ"
"Gazi","غازى"
"Gehla","گہلا"
"Gehna","گاھنا"
"General","جنرل"
"Generator","جنريٹر"
"Gerbi","غربى"
"Ghafar","غفار"
"Ghaffar","غفار"
"Ghafoor","غفور"
"Ghagh","گھگھ"
"Ghalla","غلہ"
"Ghallah","غلہ"
"Ghanda","گنڈا"
"Ghani","غنى"
"Ghar","گھر"
"Ghara","گھاڑا"
"Gharah","گڑھا"
"Gharbi","غربى"
"Gharh","گڑھ"
"Ghari","گھڑى"
"Gharo","گھاڑو"
"Gharuan","گڑھڑواں"
"Gharwanwala"," گھاڑووالا"
"Ghatti","گھاٹى"
"Ghatti,","گھاٹى"
"Ghauri","غورى"
"Ghaus","غوث"
"Ghazanfar","غضنفر"
"Ghazi","غازى"
"Ghaziabad","غازى آباد"
"Ghee","گھى"
"Ghogay","گھوگھے"
"Ghoghay","گھوگھے"
"Ghona","گھونہ"
"Ghordan","گردان"
"Ghos","غوث"
"Ghosia","غوثيہ"
"Ghousia","غوثيہ"
"Ghujer","گجر"
"Ghulam","غلام"
"Ghullam","غلام"
"Ghulstan","گلستان"
"Ghuman","گھمن"
"Gillani","جيلانى"
"Ginners","جنرز"
"Ginning","جينگ"
"Girl","لڑکی"
"Girls","گرلز"
"Glotran","گلوتراں"
"go","جانا"
"Godam","گودام"
"Gohar","گوھر"
"Gojar","گوجر"
"Gojra","گوجرہ"
"Gold","گولڈ"
"Golden","گولڈن"
"Gomay","گامے"
"Gonah","گونہ"
"Gondal","گوندل"
"Goods","گڈز"
"Goth","گوتھ"
"Government","گورنمنٹ"
"Govt","گورنمنٹ"
"Govt.","گورنمنٹ"
"GPF","جى پى فنڈ"
"GR/O","سکنہ"
"Grain","گرين"
"Graveyard","قبرستان"
"Greveyard","قبرستان"
"Grid","گرڈ"
"Ground","گراؤنڈ"
"Group","گروپ"
"Guard","گارد"
"Gujar","گجر"
"Gujranwala","گجرانوالہ"
"Gul","گل"
"Gulam","غلام"
"Gulbaz","گلباز"
"Gulberg","گلبرگ"
"Gulifishan","گلفشان"
"Gulistan","گلستان"
"Gull","گل"
"Gullab","گلاب"
"Gulshad","گلشاد"
"Gulshan","گلشن"
"Gulshanay","گلشن"
"Gulsher","گل شير"
"Gulstan","گلستان"
"Gulzar","گلزار"
"Gunman","گن مين"
"Gutter","گٹر"
"Gymnesium","جيم خانہ"
"H","ايچ"
"H/","ہيڈ افس"
"H/O","ہيڈ افس"
"Haamid","حامد"
"Habib","حبيب"
"Habibullah","حبيب اللہ"
"Hadait","ہدايت"
"Hadayat","ہدايت"
"Hadi","ہادى"
"Hadiat","ہدايت"
"Hafeez","حفيظ"
"Hafiz","حافظ"
"Haibat","حيبت"
"Haidar","حيدر"
"Haider","حيدر"
"Haider,","حيدر"
"Haideri","حيدرى"
"Haidri","حيدرى"
"Haidria","حيدريہ"
"Haji","حاجى"
"Hajii","حاجى"
"Hajj","حج"
"Hakeem","حکيم"
"Hakim","حکيم"
"Haleem","حليم"
"Haleema","حليمہ"
"Hali","حالى"
"Hall","حال"
"Hamadi","ہمادى"
"Hamayan","ہمايوں"
"Hamayun","ہمايوں"
"Hameed","حميد"
"Hamid","حميد"
"Hamza","حمزہ"
"Hanan","حنان"
"Hand","ہینڈ"
"Handlana","ہندلانہ"
"Handling","ہينڈلنگ"
"Hanif","حنيف"
"Haq","حق"
"Haqnawaz","حق نواز"
"Haraj","ہراج"
"Haral","ہرل"
"Hard","ہارڈ"
"Hari","ہارى"
"Haris","ہارس"
"Harkat","حرکت"
"Harmain","ہارمين"
"Harnaee","ہرنائى"
"Harnai","ہرنائى"
"Harny","ہرناہی"
"Haron","ہارون"
"Haroon","ہارون"
"Haroonabad","ہارون آباد"
"Hasan","حسن"
"Hashim","ہاشم"
"Hashir","حاشر"
"Hashmeera","ہشميرا"
"Hasil","حاصل"
"Hasilpur","حاصل پور"
"Hasina","حسينہ"
"Hasnain","حسنين"
"Hasnana","حسنانہ"
"Hasoo","حسو"
"Hasowana","حسوآنہ"
"hass","ہاس"
"Hassain","حسين"
"Hassan","حسن"
"Hassu","حسو"
"Hast","ہست"
"Hasta","حستہ"
"Hasu","حسو"
"Hathiwan","ہاتھيوان"
"Hathwan","ہاتھيوان"
"Hatim","حاتم"
"Hattar","حطار"
"HAUS","ہاؤس"
"Havaili","حويلى"
"Havalat","حوالات"
"Haveli","حويلى"
"Hawala","حوالہ"
"Hawali","حويلى"
"Hayat","حيات"
"Haydar","حيدر"
"Hayder","حيدر"
"Haytem","ہيتم"
"Hayyat","حيات"
"Hazari","ہزارى"
"Hazoor","حضور"
"Hazoori","حضورى"
"Hazrat","حضرت"
"HBL","حبيب بنک"
"Head","ہیڈ"
"Heart","ہارٹ"
"heck","ہیک"
"Heer","ہیر"
"Heera","ہرا"
"Help","مدد"
"Hersah","ہيرش"
"Heveli","حويلى"
"Hidayat","ہدایت"
"Hilal","حلا ل"
"Hilux","ہائىليکس"
"History","ہسٹري"
"Hmaad","حماد"
"HO","ہيڈ آفس"
"Hoding","ہولڈنگ"
"Holder","ہولڈر"
"Holders","ہولڈرز"
"Holdin","ہولڈنگ"
"Holding","ہولڈنگ"
"HOLTE","ہوٹل"
"home","گھر"
"Honda","ھنڈا"
"Hoops","ہوپس"
"Hoor","ہور"
"Horse","گھوڑا"
"Hosiery","ہوزرى"
"Hospital","ہسپتال"
"House","مکان"
"Hrrel","ہرل"
"Humaira","حميرا"
"Hummayou","ہمايوں"
"Humza","حمزہ"
"Hunain","حنين"
"Hunjura","ہنجرا"
"Huouse","مکان"
"Husain","حسين"
"Husian","حسين"
"Husnain","حسنين"
"Hussain","حسين"
"Hussainah","حسينہ"
"Hussaini","حسينى"
"Hussainia","حسينيہ"
"Hussan","حسيں"
"Hussania","حسينيہ"
"Hussaun","حسين"
"Hussian","حسين"
"Hussnain","حسنين"
"Husssain","حسين"
"Husssainabad","حسين آباد"
"Hussu","حسو"
"Hut","ہٹ"
"Hyden","ہيدن"
"Hyder","حيدر"
"Hydri","حيدرى"
"I","ائى"
"I S T","اقبال شہید ٹرسٹ"
"IB","آئى بى"
"Ibrahim","ابراھيم"
"Ibrar","ابرار"
"Identity","شناختى"
"Idrees","ادريس"
"Iftekhar","افتخار"
"Iftikhar","افتخار"
"Ihsan","احسان"
"II","II"
"Iias","الياس"
"IInd","سيکنڈ"
"Ijaz","اعجاز"
"Ijra","اجرا"
"Ikhlaq","اخلاق"
"Ikhlaq-ul-Hassan","اخلاق الحسن"
"Ikram","اکرام"
"Ikram-ul-Hassan","اکرام الحسن"
"Ikramullah","اکرام اللہ"
"ilas","الياس"
"Ilayas","الياس"
"Ilays","الياس"
"Illyas","الياس"
"Iltaf","الطاف"
"Ilyas","الياس"
"Imam","امام"
"Imamia","اماميہ"
"ImamKot","امام کوٹ"
"Iman","ايمان"
"Imdad","امداد"
"Imjid","امجد"
"Impex","امپيکس"
"Imran","عمران"
"Imtiaz","امتياز"
"in","ان"
"inam","انعام"
"Inayat","عنايت"
"Incharge","انچارج"
"Income","انکم"
"Indus","انڈس"
"Industiral","انڈسٹريل"
"Industrial","انڈسٹريل"
"Industries","انڈسٹريز"
"Industry","انڈسٹرى"
"Insaf","انصاف"
"Inside","اندرون"
"Insite","اندرون"
"Inspector","انسپکٹر"
"Instalation","انسٹاليشن"
"Installation","انسٹاليشن"
"Installations","انسٹاليشنز"
"Instalment","قسط"
"instated","بحال ہوا"
"Instructor","انسٹرکٹر"
"Insurance","انشورنس"
"Inter","انٹر"
"Interes","انٹريز"
"Intermediate","انٹرميڈيٹ"
"Internaitonal","انٹرنيشنل"
"International","انٹرنيشنل"
"Internet","انٹرنيٹ"
"Interprises","انٹرپرائزز"
"Intezar","انتظار"
"Inti","اينٹى"
"Investigation","انوسٹى گيشن"
"IONA","آئى اؤ نا"
"Iqbal","اقبال"
"Iqra","اقرا"
"Iram","ارم"
"Irfan","عرفان"
"Iron","آئرن"
"Irshad","ارشاد"
"IS","ے"
"Ishan","احسان"
"Ishanullah","احسان اللہ"
"Ishaq","اسحاق"
"Ishfaq","اشفاق"
"Ishrat","عشرت"
"Ishtiaq","اشتياق"
"Islah","اصلاح"
"Islam","اسلام"
"Islamaba","اسلام اباد"
"Islamabad","اسلام اباد"
"Islami","اسلامى"
"Ismael","اسماعيل"
"Ismail","اسماعيل"
"Ismial","اسماعيل"
"Israr","اسرار"
"Israr-ul-Hassan","اسرارالحسن"
"Issue","ايشو"
"Issued","ايشوڈ"
"Issuing","ايشونگ"
"Ist","فرسٹ"
"Item","آيٹم"
"Items","آيٹمز"
"Itifaque","اتفاق"
"Ittefaque","اتفاق"
"Izat","عزت"
"Izhar","اظہار"
"J","جے"
"J.B.","ج ب"
"Jabbar","جبار"
"Jabbo","جبو"
"Jaboana","جبوآنہ"
"Jaboo","جبو"
"Jafar","جعفر"
"Jaffar","جعفر"
"Jafir","جعفر"
"Jafria","جعفريہ"
"Jagday","جگدے"
"Jagir","جاگير"
"Jahangir","جہانگير"
"Jahng","جھنگ"
"Jahnian","جہانياں"
"Jail","جيل"
"Jaiwain","جائيوين"
"Jaiwan","جيون"
"Jala","جلہ"
"Jalal","جلال"
"Jalalabad","جلال آباد"
"Jalalpur","جلالپور"
"Jam","جام"
"Jamal","جمال"
"Jamali","جمالى"
"Jamat","جماعت"
"Jamia","جامعہ"
"Jamil","جميل"
"Jamshed","جمشيد"
"Jan","جان"
"janat","جنت"
"Janbaz","جانباز"
"Jand","جنڈ"
"Jani","جانى"
"Jannah","جناح"
"Jannat","جنت"
"Janno","جانو"
"January","جنوری"
"Jappa","جپہ"
"Jaranwala","جڑانوالہ"
"Jarar","جرار"
"Jarawala","جڑانوالہ"
"Jarranwala","جڑانوالہ"
"Jat","جٹ"
"Jatti","جتى"
"Javaid","جاويد"
"Javed","جاويد"
"Javid","جاويد"
"Jawad","جواد"
"Jawia","جوايا"
"JB","ج ب"
"Jee","جى"
"Jehad","جہاد"
"Jehan","جہاں"
"Jehangir","جہانگير"
"Jewan","جيون"
"Jewana","جيونہ"
"Jewna","جيونہ"
"JGB","جے جی بی"
"JGD","جے جي ڈي"
"Jhanb","جھانب"
"Jhang","جھنگ"
"Jhang.","جھنگ"
"Jhangarr","جھنگڑ"
"Jhangvi","جھنگوى"
"Jharki","جھرکى"
"Jhatta","جھتہ"
"Jhnag","جھنگ"
"Jhumra","جھمرہ"
"Jilal","جلال"
"Jillani","جيلانى"
"Jind","جند"
"Jinnah","جناح"
"Jinning","جننگ"
"Jodh","جوڈھ"
"Jogian","جوگياں"
"Jogianwala","جوگياں والا"
"Johar","جوہر"
"Joia","جوئيہ"
"Joory","جورى"
"Joota","جوتا"
"Joya","جوئيہ"
"Judge","جج"
"Judicial","جوڈيشل"
"Julaha","جولاہا"
"July","جولائي"
"Jund","جنڈ"
"Jundwala","جنڈوالا"
"Jut","جٹ"
"K","کے"
"Kaa","کا"
"Kabeer","کبير"
"Kabera","کبيرہ"
"Kabir","کبير"
"Kacha","کچا"
"Kachi","کچی"
"Kahki","ککى"
"Kahlil","خليل"
"Kahloon"," کاہلوں"
"Kaki","ککى"
"Kalan","کلاں"
"Kalandar","کلندر"
"Kalar","کلر"
"Kalasa","کلاسن"
"Kalasan","کلاسن"
"Kalay","کالے"
"Kaleem","کليم"
"Kalowal","کالوال"
"Kalwar","کلواڑ"
"Kamal","کمال"
"kamangran","کمنگراں"
"Kambar","قمر"
"Kamboh","کمبوہ"
"Kammangran","کمنگران"
"Kamoka","کموکہ"
"Kamongran","کمنگراں"
"Kamran","کامران"
"Kanari"," کنارى"
"Kandi","کانڈى"
"Kandiwal","کانڈيوال"
"Kaneez","کنيز"
"Kangran","کگنراں"
"Kapayanwala","کپائيانوالہ"
"Kapoori","کپورى"
"Kapuri","کپورى"
"Kara","کڑا"
"Karachi"," کراچى"
"Karam","کرم"
"Karamat","کرامت"
"Karar","کرار"
"Karbala","کربلا"
"Karballa","کربلا"
"Karbla","کربلا"
"Kareem","کريم"
"Karen","کرن"
"Kari","کرى"
"Karim"," کريم"
"'",""""
"#","نمبر"
"$","ڈالر"
"%","فی صد"
"&","اینڈ"
"(Late)","مرحوم"
"(Late)C/o","مرحوم معرفت"
"(Late)GR/O","مرحوم معرفت"
"(Ltd)","لميٹڈ"
"(Standby)","مقامى"
",","،"
";","؛"
"18-Hazari","18-ہزارى"
"A","اے"
"A T M","اے ٹی ایم"
"AA","اے اے"
"Aabadi","آبادى"
"Aad","اسد"
"Aaga","آغا"
"Aal","آل"
"Aali","عالى"
"Aamir","عامر"
"Aana","آنا"
"Aastana","آستانہ"
"Aatif","عاطف"
"AB","اےبى"
"Abad"," آباد"
"Abadi","آبادى"
"Abaidullah","عبيداللہ"
"Abas"," عباس"
"Abbas"," عباس"
"Abd","عبد"
"Abdid","عابد"
"Abdin","عابدين"
"Abduallah","عبداللہ"
"Abdul"," عبدل"
"Abdullah","عبداللہ"
"Abd-ur-Raheem","عبدالرحمٰن"
"Abid"," عابد"
"ABL"," الائيڈ بنک"
"Abozar","ابوزر"
"Abrar","ابرار"
"Abu","ابو"
"Abuzar","ابوزر"
"AC","اے سى"
"Account"," اکاؤنٹ"
"Accountant","اکاؤنٹنٹ"
"Accounts"," اکاؤنٹس"
"Accrued","واجب الادا"
"Accumulated","اکاموليٹڈ"
"Acount"," اکاؤنٹ"
"Act","ايکٹ"
"ad","اللہ دنہ"
"Ada","اڈا"
"Adalat","عدالت"
"Adan"," عدنان"
"Adda","اڈا"
"addicted","عادى"
"Addition"," اضافہ"
"Additional","ايڈيشنل"
"Addl","ايڈيشنل"
"Addu"," ادو"
"Adeela"," عديلہ"
"Adit","اڈٹ"
"Adjust","ایڈجسٹ"
"Administrative"," انتظامى"
"Administrator","ايڈمنسٹريٹر"
"Adnan"," عدنان"
"Adrees"," ادريس"
"Adu"," ادو"
"Advance"," ايڈوانس"
"Advances"," ايڈوانسز"
"Advenc","ایڈوانس"
"Advertisement"," ايڈورٹائزمنٹ"
"Advocate","ايڈوکيٹ"
"Aera"," ايريا"
"Affan","عفان"
"Afghan","افغان"
"Afghanistan","افغانستان"
"Afsar","افسر"
"Aftab"," آفتاب"
"Afzaal","افضال"
"Afzal","افضل"
"Age"," ايج"
"Agha","آغا"
"Agricultral","زرعى"
"Ahamad","احمد"
"Ahamd","احمد"
"Aheer","آہير"
"Ahmad"," احمد"
"Ahmadia","احمديہ"
"AhmadPur","احمدپورسيال"
"Ahmadpura","احمدپورہ"
"Ahmed"," احمد"
"Ahsan","احسن"
"Ahtaram","احترام"
"Ahtaram-ul-Hassan","احترام الحسن"
"Ailchi","ايلچى"
"Air"," ائير"
"Ajmair"," اجمير"
"Ajmal","اجمل"
"Akash"," اکاش"
"Akbar","اکبر"
"Akera","اکيرہ"
"Akhlaq","اخلاق"
"Akhmad","اخمد"
"Akhtar"," اختر"
"Akhter"," اختر"
"Akhwan","اخوان"
"Akmal","اکمل"
"Akram"," اکرم"
"Al"," ال"
"AL_Aziz"," العزيز"
"Al_Mughni"," المغل"
"Alam","علم"
"Alamdar","علمدار"
"Alaudinwala","علاالدين"
"Alawal","علاول"
"Al-Banat","البنات"
"Al-FAisal"," الفيصل"
"Alfalah","الفلاح"
"AlFateh","الفتح"
"Alflah"," الفلاح"
"Al-Fuqra","الفقرا"
"Al-Haq"," الحق"
"Ali"," على"
"Alied"," الائيڈ"
"Alkitab"," الکتاب"
"All","تمام"
"Allah"," اللہ"
"Alli","على"
"Allied"," الائيڈ"
"Allowance"," الاؤنس"
"Allowances"," الاؤنسز"
"Aloom","علوم"
"Al-Quresh"," القريش"
"Al-Rehman"," الرحمٰن"
"Altaf"," الطاف"
"Alvi","علوى"
"Aman","امان"
"Amanat","امانت"
"Amanullah","امان اللہ"
"Amara"," امارہ"
"Ameer","امير"
"Amin","امين"
"Aminpur","امين پور"
"Amir","آمر"
"Amjad","امجد"
"Amjid","امجد"
"amount","رقم"
"Amtex","امٹيکس"
"Amtiaz","امتياز"
"Anar","انار"
"Anawer","انور"
"Anayat","عنايت"
"and","اينڈ"
"Aneel","انيل"
"Anees","انيس"
"Anees-ur-Rehman","انيس الرحمٰن"
"Angering","انجينئرنگ"
"Aniat","عنايت"
"Anis","انيس"
"Anjaman","انجمن"
"Anjum","انجم"
"Anjuman","انجمن"
"Anmol","انمول"
"Annual","سالانہ"
"Ansar","عنصر"
"Ansari","انصارى"
"Anti","اينٹى"
"Anwar","انور"
"Anwar-ul-Hassan","انوارالحسن"
"Anwer","انور"
"any","کوئى"
"AO","اےاو"
"Apeal","اپيل"
"APEX","ايپکس"
"Aqdas","اقدس"
"Aqeel","عقيل"
"Arabia","عربيہ"
"Araian","ارائياں"
"Arain","ارائيں"
"Arayanwali","ارائياں والى"
"Arbab","ارباب"
"Arcade","ارکيڈ"
"Arcade,","آرکيڈ"
"Area","ايريا"
"Arfakshand","ارفخشد"
"Arif","عارف"
"Arifeen","عارفين"
"ARKEY","آرکى"
"Armour","آرمور"
"Arrival","آمد"
"Arshad","ارشد"
"Arshed","ارشد"
"Aruj","عروج"
"Arzoo","آرزو"
"as","بطور"
"Asad","اسد"
"Asadullah","اسداللہ"
"Asar","عصر"
"Asdi","اسدى"
"Asghar","اصغر"
"Asgher","اصغر"
"Ashab","اصحاب"
"Ashaba","اصحابہ"
"Ashar","عشر"
"Asharif","اشرف"
"Ashi","آ شى"
"Ashiana","آشيانہ"
"Ashiq","عاشق"
"Ashrad","ارشد"
"Ashraf","اشرف"
"Ashrif","اشرف"
"ASI","اےايس آئى"
"Asia","آسيہ"
"Asif","آصف"
"Asim","آصم"
"ASJ","ايڈيشنل سيشن جج"
"ASK","عسکري"
"Askari","عسکر ی"
"Askree","عسکری"
"Askri","عسکرى"
"Aslam","اسلم"
"Asmat","عصمت"
"Asmatullah","عصمت اللہ"
"ASP","اے ايس پى"
"ASP/Chiniot","اے ايس پى چنيوٹ"
"ASP/City","اے ايس پى سٹي"
"ASP/HQ","اے ايس پى ہيڈ کوارٹر"
"ASP/Shorkot","اے ايس پى شورکوٹ"
"ASP/UT","اے ايس  پى يوٹى"
"Asram","آسورام"
"Asrar","اسرار"
"Assadullah","اسداللہ"
"Assets","اثاثہ جات"
"Assistant","اسسٹنٹ"
"Associates","ايسوسى ايٹس"
"Asst","اسسٹنٹ"
"at","پر"
"Ata","عطا"
"Atif","عاطف"
"Atiq","عتيق"
"Atiya","عطيہ"
"ATS","اےٹى ايس"
"Atta","آٹا"
"Attendant","اٹنڈنٹ"
"Attiq","عتيق"
"Attique","عتيق"
"Attorny","اٹارنى"
"Attraction","اٹریشن"
"Audit","آڈٹ"
"Auditors","اّڈيٹرز"
"Aulad","اولاد"
"Aurang","اورنگ"
"Aurangzaib","اورنگ زيب"
"Aurangzeb","اورنگ زيب"
"Ausaf","اوصاف"
"Auto","آٹو"
"Automation","آٹوميشن"
"Avenue","ايونيو"
"Aver","ايور"
"Awais","اويس"
"Awan","اعوان"
"Awan-e-Hussain","ايوان حسين"
"away","دور"
"Ayaoob","ايوب"
"Ayoub","ایوب"
"Aysha","عائشہ"
"Ayub","ايوب"
"Ayyaz","اياز"
"Ayyub","ايوب"
"Azad","آزاد"
"Azadar","عزادار"
"Azadi","آزادى"
"Azai","آزادى"
"Azam","اعظم"
"Azamt","عظمت"
"Azeem","عظيم"
"Azhar","اظہر"
"Azher","اظہر"
"Aziz","عزيز"
"Aziz-ud-Din","عزيزالدين"
"Azmat","عظمت"
"Azra","عزرا"
"B","بى"
"B/A","بی اے"
"Baar","بار"
"Bab","باب"
"Baba","بابا"
"Babar","بابر"
"Babu","بابو"
"Backside","عقب"
"Badar","بدر"
"Badh","بڈھ"
"Badshah","بادشاہ"
"Badshahi","بادشاہى"
"Bag","بيگ"
"Bagh","باغ"
"Baghri","بگھڑى"
"Baghwala","باغوالہ"
"Bags","بورا"
"Bahadar","بہادر"
"Bahadur","بہادر"
"Bahar","بھار"
"Bahaudar","بہادر"
"Bahawal","بہاول"
"Bahi","باہى"
"Bahoo","باہو"
"Bahwelpur","بہاولپور"
"Baig","بيگ"
"Baila","بيلہ"
"Bakar","بکر"
"Bakhat","بخت"
"Bakhsh","بخش"
"Bakhsha","بخشہ"
"Bakhtawar","بختاور"
"Bakhtiar","بختيار"
"Bakhut","بخت"
"Baksh","بخش"
"Bala","بالا"
"Balail","بليل"
"Balances","بقاياجات"
"Balaq","بلاق"
"Balarka","بلڑکا"
"Bales","گانٹھيں"
"Balianwala","باليانوالہ"
"Ball","بال"
"Ballo","بلو"
"Baloch","بلوچ"
"Balooch","بلوچ"
"Banat","بنات"
"Bangla","بنگلہ"
"Bangs","بنگس"
"Bani","بنى"
"Bank","بنک"
"Banks","بنکس"
"Baoo","باو"
"Baqar","باقر"
"Baqer","باقر"
"Baqir","باقر"
"Bara","بارہ"
"Barana","بڑانہ"
"Bardana","باردانہ"
"Bargah","بارگاہ"
"Bargarh","بارگاہ"
"Bargha","بارگاہ"
"Bari","بارى"
"Barka","بارکا"
"Barkah","برکاہ"
"Barkat","برکت"
"Barket","برکت"
"Barkhurdar","برخوردار"
"Barra","بڑا"
"Barrowings","باروانگ"
"Basharat","بشارت"
"Basharet","بشارت"
"Basheer","بشير"
"Bashir","بشير"
"Basic","بنیادی"
"Basti","بستى"
"Batool","بتول"
"Baudhar","بہادر"
"Baz","باز"
"Bazar","بازار"
"BE","بى"
"Bearer","بيرر"
"Bearings","بيرنگ"
"Beauty","بيوٹي"
"Bedian","بيدياں"
"been","بين"
"Beerbal","بيربل"
"Begum","بيگم"
"Behind","عقب"
"Belail","بيليل"
"Bell","بل"
"Belts","بيلٹ"
"Benda","بندہ"
"Benefits","بنيفٹس"
"Beon","بيون"
"Beron","بيرون"
"Bhabhrana","بھبھرانہ"
"Bhabrana","بھبھڑانہ"
"Bhadhar","بہادر"
"Bhai","بھائى"
"Bhakkar","بھکر"
"Bhand","بھنڈ"
"Bharwana","بھروانہ"
"Bhassar","بھسر"
"Bhati","بھٹى"
"Bhatti","بھٹى"
"Bhattian","بھٹياں"
"Bhaudar","بہادر"
"Bhawal","بہاول"
"Bhir","بھڑ"
"Bhirr","بھڑ"
"Bhoana","بھوانہ"
"Bhojia","بھوجيہ"
"Bhola","بھولا"
"Bhorani","بھوڑانى"
"Bhowana","بھوانہ"
"Bhubhrana","بھبھڑانہ"
"Bhudhowana","بدھوآنہ"
"Bhukhari","بخارى"
"Bhund","بھنڈ"
"Bhurani","بھوڑانى"
"Bhutta","بھٹہ"
"Bhutto","بھٹو"
"Bibi","بىبى"
"Bicycle","بائسيکل"
"Big","بڑا"
"Bigler","بگلر"
"Bilal","بلال"
"Bill","بل"
"Bills","بلز"
"Bindhi","بندھى"
"Binyamin","بنيامين"
"Birth","پيدائش"
"Bismillah","بسم اللہ"
"Blance","بيلنس"
"Blaq","بلاک"
"Blaver","بليور"
"Block","بلاک"
"Block,","بلاک"
"Blotch","بلوچ"
"Blow","بلو"
"Blue","بليو"
"board","بورڈ"
"Bohar","بوھڑ"
"Bohat","بھت"
"Bomb","بمب"
"Bombay","بمبے"
"Bonda","بونڈا"
"Book","بک"
"BookExp","بک خرچہ"
"Books","بکس"
"Boonga","بونگا"
"Boook","بک"
"Boota","بوٹا"
"Bora","بورا"
"Border","بارڈر"
"bori","بوری"
"Bosina","بوسنيا"
"Boys","بوائے"
"Bran","چوکر"
"Branch","برانچ"
"Bread","بريڈ"
"Bridge","پل"
"British","برٹش"
"Brocco","براکو"
"Broker","بروکر"
"Brokery","بروکرى"
"Brothars","برادرز"
"Brothers","برادرز"
"Budhoana","بدھوآنہ"
"Building","بلڈنگ"
"Building/PRO","بلڈنگ/ پى آر او"
"Bukhsh","بخش"
"Buksh","بخش"
"Bulaq","بلاق"
"Bullo","بلو"
"Bullock","بلاک"
"Bund","بند"
"Bundu","بندو"
"Burhan","برہان"
"Burjian","برجياں"
"Burkhurdar","برخوردار"
"Bus","بس"
"business","بزنس"
"But","بٹ"
"Butt","بٹ"
"Butta","بھٹہ"
"by","بائى"
"C","سى"
"C/F","کيش فنانس"
"c/o","معرفت"
"Caalar","کالر"
"Cabin","کيبن"
"Cables","کيبلز"
"cake","کيک"
"Calssic","کلاسک"
"Canteen","کنٹين"
"Cantt","کينٹ"
"Cantt.","کينٹ"
"Capital","کيپيٹل"
"Car","کار"
"Card","کارڈ"
"Carding","کارڈنگ"
"care","کيئر"
"Carporation","کارپوريشن"
"CASE","مقدمہ"
"Cases","مقدمات"
"Cash","کيش"
"Casiocenter","کيسيو سنٹر"
"Caste","قوم"
"Casting","کاسٹنگ"
"Castle","کاسٹل"
"Casual","اتفاقيہ"
"Cattle","کيٹل"
"CDI","سى ڈى آئى"
"Cell","سيل"
"Cement","سيمنٹ"
"Center","سنٹر"
"Centex","سنٹيکس"
"Centre","سنٹر"
"Certificate","سرٹيفکيٹ"
"Cess","سیس"
"CF","کيش فنانس"
"CH","چوہدرى"
"Ch.255","چک 255"
"Ch.Mazar","چوہدرى مظہر"
"Ch.no.161/jb","چک نمبر 161/ج ب"
"Ch.no.164/Jb","چک نمبر 164/ج ب"
"Ch.no.171","چک نمبر171"
"ch.no.182","چک 182"
"Ch.no.214","چک نمبر124"
"Ch.no.230/Jb","چک نمبر 230/ج ب"
"Ch.no.254/Jb","چک نمبر 254/ج ب"
"Ch.no:164/jb","چک نمبر 164/ج ب"
"Chabeel","چھبيل"
"Chack","چک"
"Chadhar","چدھڑ"
"Chah","چاہ"
"Chairman","چيئرمين"
"Chairty","صدقہ"
"Chaju","چھجو"
"Chak","چک"
"Chakwal","چکوال"
"Chalianwali","چھليانوالى"
"Challan","چالان"
"challaned","چالان"
"Chaman","چمن"
"Chambaili","چمبيلى"
"Chamman","چمن"
"Chamon","چمن"
"Chan","چن"
"Chanan","چانن"
"Chand","چاند"
"Chandoo","چندو"
"Changran","چنگراں"
"Changranwala","چنگڑانوالہ"
"Channa","چنہ"
"Channi","چنى"
"Channna","چھنا"
"Chanoon","چنوں"
"Chaque","چيک"
"Char","چار"
"Charag","چراغ"
"Charagh","چراغ"
"Charak","چراغ"
"Charge","چارج"
"Charges","چارجز"
"Charities","خيرات"
"Charity","خيرات"
"Chaudar","چدھڑ"
"Chaudary","چوہدرى"
"Chaudhry","چوہدرى"
"Chease","چيز"
"Check","چيک"
"Cheema","چيمہ"
"Chek","چيک"
"Chenab","چناب"
"Cheque","چيک"
"Cheques","چيکس"
"Chequs","چيک"
"Chichawatni","چچہ وطنى"
"Chiniot","چنيوٹ"
"Chinot","چنيوٹ"
"Chiragh","چراغ"
"Chishtian","چشتياں"
"Chisteyan","چستياں"
"Chistian","چشتياں"
"Chniot","چنيوٹ"
"Chnoit","چنٹو ٹ"
"Chock","چوک"
"Choghata","چوگھتہ"
"Chohan","چوہان"
"Chok","چوک"
"Chota","چھوٹا"
"Chowk","چوک"
"Chowki","چوکى"
"Chund","چنڈ"
"Chundrigar","چندريگر"
"Chung","چوہنگ"
"Chunian","چنياں"
"Church","چرچ"
"Chutiana","چٹيانہ"
"CIA","سى آئى اے"
"Cinema","سينما"
"Circle","سرکل"
"Circolar","سرکلر"
"Circular","سرکلر"
"Citi","سٹى"
"City","سٹى"
"City.","سٹى"
"Civic","سوک"
"Civil","سول"
"Class","کلاس"
"Cleaner","کلينر"
"Clearing","کلئیر"
"Clerk","کلرک"
"Clerks","کلرکس"
"Cliftaon","کلفٹن"
"Clifton","کلفٹن"
"Close","بند"
"Closed","کلوزڈ"
"Closing","کلوزنگ"
"Clossed","بند"
"Clossing","کلوزنگ"
"Cloth","کلاتھ"
"Clothing","کلودھنگ"
"Club","کلب"
"Co","کمپنى"
"Co_tex","کمپنى ٹيکس"
"colessed","کلوزڈ"
"Colledge","کالج"
"College","کالج"
"Colony","کالونى"
"Coloosed","بند"
"com","کام"
"Comber","کومبر"
"Combers","کونمبرز"
"Commando","کمانڈو"
"Commen","کامن"
"Commercial","کمرشل"
"Commession","کميشن"
"Commission","کميشن"
"Commissioner","کمشنر"
"Common","کامن"
"Communication","مواصلات"
"Company","کمپنى"
"Complaint","شکايت"
"Compresher","کمپرپشر"
"Compulsorily","جبرى"
"Computer","کمپيوٹر"
"Computers","کمپيوٹرز"
"Concerns","کنسرن"
"Concrete","کنکريٹ"
"Condation","کنڈيشن"
"Conditioned","کنڈيشنڈ"
"Cone","کون"
"Constable","کنسٹيبل"
"Construction","کنسٹرکشن"
"consumed","صرف"
"Contracter","کنٹريکٹر"
"Contractor","کنٹريکٹر"
"Contribution","کنٹریبیوشن"
"Control","کنٹرول"
"Conveyance","کنوينس"
"Copulsorily","جبرى"
"Corporation","کارپوريشن"
"Corpration","کارپوريشن"
"Corruption","کرپشن"
"Cost","کاسٹ"
"Cotex","کوٹیکس"
"Cotton","کاٹن"
"Council","کونسل"
"course","کورس"
"Court","کورٹ"
"Courts","کورٹس"
"Cover","کو ر"
"CPLC","سى پى ايل سى"
"cpu","سنٹرل پراسيسنگ يو نٹ"
"Craft","کرافٹ"
"Credit","کريڈٹ"
"Creditors","کريڈيٹرز"
"Cresent","کريسنٹ"
"Crime","کرائم"
"CRO","سى آر او"
"Crown","کراؤن"
"Current","کرنٹ"
"Cut","کٹ"
"Cvivl","سول"
"Cycle","سائيکل"
"D","ڈى"
"D/O","بنت"
"da","دا"
"Daata","داتا"
"Dab","ڈب"
"Dabanwali","ڈبانوالى"
"Dabkala","ڈب کلاں"
"Dabkalan","ڈب کلاں"
"Dabkaran","ڈبکراں"
"Dabkran","ڈبکراں"
"Dacoity","ڈکيٹی"
"Dad","داد"
"Dadu","دادو"
"Dahar","داھر"
"Daharan","داھرانوالہ"
"Dahran","ڈھرانوالہ"
"Dahranwala","داھرانوالہ"
"Daim","دائم"
"Daimond","ڈائمنڈ"
"Dak","ڈاک"
"Dakhali","داخلى"
"Dakhli","داخلى"
"Dala","ڈالا"
"Dallanwala","ڈال والا"
"Dalmir","دلمير"
"Dar","دار"
"Dara","دارا"
"Daranha","دارنھا"
"Daranwala","دارنوالہ"
"Darar","دربار"
"Darbar","دربار"
"Dargahi","درگاھى"
"Darghi","درگاھى"
"Darul","دارال"
"Dar-ul","دارال"
"Darya","دريا"
"Das","داس"
"Dastagir","دستگير"
"Dastgeer","دستگير"
"Dastgir","دستگير"
"Dasti","دستی"
"dastras","دسترس"
"Date","مورخہ"
"dated","مورخہ"
"Dauband","ديوبند"
"Daubandis","ديوبندى"
"Daubands","ديوبندى"
"Daulat","دولت"
"Davis","ڈيوس"
"Davood","داوؤد"
"Dawakhana","دواخانہ"
"Dawn","ڈان"
"Dawood","داؤد"
"Dawoodi","داؤدى"
"Day","ڈے"
"DC","ڈى سى"
"DCO","ڈى سىاو"
"DD","ڈي ڈي"
"De","ڈى"
"Deaiel","ڈيزل"
"Dealar","ڈيلر"
"Dealer","ڈيلر"
"Dealers","ڈيلرز"
"Debits","ڈيبٹس"
"Debtors","ڈیبٹرز"
"Decent","ڈیسنٹ"
"Decorater","ڈيکوريٹر"
"Deduction","کٹوتى"
"Deendar","ديندار"
"Deferred","ڈيفرڈ"
"Deisel","ڈيزل"
"Deoband","ديوبند"
"Deoka","دوکا"
"Dep","ڈيپريسيايشن"
"Dep.","ڈيپريسى ايشن"
"Department","ڈيپارٹمنٹ"
"Departments","ڈيپارٹمنٹس"
"Deposit","ڈيپازٹ"
"Deposits","ڈيپازٹس"
"Depot","ڈپو"
"Depreciation","ڈيپريسىايشن"
"Dept","ڈيپارٹمنٹ"
"Dera","ڈيرہ"
"Deray","ڈيرے"
"Derbar","دربار"
"Derkharan","دھرکھانہ"
"Desiel","ڈيزل"
"Despatch","ڈسپيچ"
"Devaia","ڈيوايا"
"Devis","ڈيوس"
"Dewan","ديوان"
"DFC","ڈى ايف سى"
"Dhabi","ڈھبى"
"Dhara","ڈھارا"
"Dharam","دھرم"
"Dharamay","دھرامے"
"Karkhana"," کارخانہ"
"Karmal","کرمل"
"Karor","کروڑ"
"Karri","کرى"
"Karyala","کريالہ"
"Kashmir","کشمير"
"Kashwar","کشور"
"Kasoor","قصور"
"kasor","قصور"
"Kasowal","کسووال"
"kassuaana","کسوآنہ"
"Kasur","قصور"
"Katchery","کچہرى"
"Katchkota","کچکوٹا"
"Katra","کٹڑا"
"Kaucha","کچا"
"Kausar","کوثر"
"Kazim","کاظم"
"Kazmi","کاظمى"
"Kee","کى"
"keeper","کيپر"
"Kehkashan","کہکشاں"
"Kerbala","کربلا"
"Kerri","کرى"
"KESSEL","کثيل"
"Khabar","خبر"
"Khadam","خادم"
"Khadim","خادم"
"Khadum","خادم"
"Khaima","خيمہ"
"Khair","خير"
"Khaira","خيرا"
"Khairpura","خيرپورہ"
"Khaja","خواجہ"
"Khajgan","خواجگان"
"Khakhi","خاکى"
"Khaki","خاکى"
"Khalid","خالد"
"Khalil","خليل"
"Khaliq","خالق"
"Khan","خان"
"Khan.","خان"
"Khana","خانہ"
"Khand","خان"
"Khanda","کھنڈا"
"Khanewal","خانيوال"
"Khanpur","خان پور"
"Khanuwana","خانوآنہ"
"Khanywal","خانيوال"
"Khara","کھرا"
"Kharadar","خارادر"
"Kharan","کھرن"
"Kharanwala","کھرانوالہ"
"Kharasan","خراساں"
"Kharkhana","کارخانہ"
"Kharuryanwala","کھرڑيانوالہ"
"Khatam","ختم"
"Khatam-e-Nabawat","ختم نبوت"
"Khateeb","خطيب"
"Khatme","ختم"
"khatom","ختم"
"Khatoon","خاتون"
"Khauda","خدا"
"Khawaja","خواجہ"
"Khawar","خاور"
"Khawja","خواجہ"
"Kheewa","کھيوا"
"Khema","خيمہ"
"Khemah","خيمہ"
"Khewa","کھيوہ"
"Khichi","کھچى"
"Khitchian","کھچيان"
"Khizar","خضر"
"Khizra","خضرا"
"Khohi","کھوئى"
"Khoi","کھوئى"
"Khoja","خوجہ"
"khok","کھوکھر"
"Khokhar","کھوکھر"
"Khokhara","کھوکھرا"
"Khokharan","کھوکھراں"
"Khokhra","کھوکھرا"
"Khud","خد"
"Khuda","خدا"
"Khuram","خرم"
"Khurawala","کڑھيانوالہ"
"Khurd","خورد"
"Khurianwala","کڑھيانوالہ"
"Khurram","خرم"
"Khurrianwala","کڑھيانوالہ"
"Khursheed","خورشيد"
"Khurshid","خورشيد"
"Khururianwala","کڑھيانوالہ"
"Khush","خوش"
"Khushabi","خوشابى"
"Khushal","خوشحال"
"Khushhal","خوشحال"
"Khushhall","خوشحال"
"Khushi","خوشى"
"Kinari","کنارى"
"Kinary","کنارى"
"Kinds","اقسام"
"Kiran","کرن"
"Kirri","کرى"
"Kisovo","کسوو"
"Klasan","کلاسن"
"Klasana","کلاسنہ"
"Klashnekove","کلاشنکوف"
"Klasin","کلاسن"
"Klassan","کلاسن"
"KM","کلوميٹر"
"Kmangran","کمنگران"
"Knitting","نٹنگ"
"Kohat","کوہاٹ"
"Kohi","کھوہى"
"Kohinoor","کوہ نور"
"Kokab","کوکب"
"Kokhrain","کھوکھراں"
"Kolowal","کالووال"
"Komaka","کموکا"
"Kondal","کندل"
"Kora","کوڑا"
"Korala","کورالہ"
"Korangi","کورنگى"
"Korhay","کوڑے"
"Koryana","کوڑيانہ"
"Kot","کوٹ"
"Kot)","کوٹ"
"Kothi","کوٹھى"
"Kotla","کوٹلہ"
"Kotli","کوٹلى"
"Kotlukhpat","کوٹ لکھپت"
"Kotwali","کوتوالى"
"Kucha","کچا"
"Kuki","ککى"
"Kulachi","کلاچي"
"Kumhar","کمہار"
"Kumharanwala","کمہارانوالہ"
"Kuplana","کپلانہ"
"L","ايل"
"Laboratory","ليبارٹرى"
"Labour","ليبر"
"labourer","مزدور"
"lac","لاکھ"
"Ladhan","لدھن"
"Lahore","لاہور"
"Lahori","لاہورى"
"Laila","ليلى"
"Laiqat","لياقت"
"Lak","لک"
"Lakha","لکھا"
"Lakhi","لکھى"
"Lakhnana","لکھنانہ"
"Lakreen","لکرين"
"Lal","لال"
"Lalian","لالياں"
"Land","زمين"
"Landda","لنڈا"
"Landhi","لانڈھى"
"Langah","لنگاہ"
"Langar","لنگر"
"Langrana","لنگرانہ"
"Lari","لارى"
"Lariada","لارى اڈا"
"Larian","لارياں"
"Larnas","لارنس"
"Lasani","لاثانى"
"Lashakr","لشکر"
"Lashari","لاشارى"
"Late","مرحوم"
"Lateef","لطيف"
"Latif","لطيف"
"Lau","لئو"
"Lawrence","لارنس"
"layia","لايا"
"Layya","لیہ"
"LC","ايل سى"
"Leaf","ليف"
"Lease","ليز"
"Leased","ليزڈ"
"Leasing","ليزنگ"
"least","ليسٹ"
"Leave","رخصت"
"Legal","ليگل"
"Lehna","لاہنا"
"lia","لیہ"
"Liabilities","لائبليٹيز"
"Liaison","رابطہ"
"Liaqat","لياقت"
"Liaquat","لياقت"
"Liason","رابطہ"
"Licencing","لائسنسنگ"
"License","لائسنس"
"Lifting","لفٹنگ"
"Light","لائٹ"
"Lilla","للہ"
"Limit","ليمٹ"
"Limited","لميٹڈ"
"Line","لائن"
"Lines","لائنز"
"Linkers","لنکرز"
"Lint","لنٹ"
"List","لسٹ"
"LLAH","فلاح"
"Loading","لوڈنگ"
"Loans","لونز"
"Lodhi","لودھى"
"Loha","لوھا"
"Lohar","لوھار"
"Loharan","لوھاراں"
"Lolay","لولے"
"Lone","قرض"
"Long","لانگ"
"Loom","لوم"
"Looms","لومز"
"Loona","لونا"
"Loonay","لونے"
"Loss","نقصان"
"Lower","لور"
"LP","ايل پي"
"Ltd","لميٹڈ"
"Ltd.","لميٹڈ"
"Lubbaik","لبيک"
"Lube","ليوب"
"Lubricant","لبريکنٹ"
"Lubricants","لبر ی کینٹس"
"Lucky","لکى"
"Ludha","لڈا"
"Lund","لنڈ"
"Luqman","لقمان"
"LZ","ايل زيڈ"
"M","ايم"
"M.","محمد"
"M/s","ميسرز"
"M/s.","ميسرز"
"Maali","مالى"
"Macheera","مچھيرا"
"Machhi","ماچھى"
"Machi","ماچھى"
"Machine","مشين"
"Machinery","مشينرى"
"Machiwal","ماچھيوال"
"Madan","مدن"
"Maddad","مدد"
"Maddu","مدو"
"Madina","مدينہ"
"madni","مدنی"
"Madoki","مدوکى"
"Madrassah","مدرسہ"
"Madrissa","مدرسہ"
"Maghi","ماجھى"
"Maghrana","مگھرانہ"
"Magistrate","مجسٹريٹ"
"Mahabat","محبت"
"Mahal","محل"
"Mahala","محلہ"
"Mahamund","مہامند"
"Mahar","مہر"
"Maharaja","مہاراجہ"
"Maharjah","مہاراجہ"
"Mahboob","محبوب"
"Mahi","ماہى"
"Mahlra","ماہلڑا"
"Mahmood","محمود"
"Mahmooda","محمودا"
"Mahni","ماہنی"
"Mahr","مہر"
"Mahraja","مہاراجہ"
"Mahtab","مہتاب"
"Mai","مائى"
"Maidan","ميدان"
"Mail","ميل"
"Main","مين"
"Maintenance","مرمت"
"Mair","مير"
"Majeed","مجيد"
"Majhee","ماجھى"
"Majhi","ماجھى"
"Majid","ماجد"
"Majlis","مجلس"
"Majnon","مجنوں"
"Majsid","مسجد"
"Makaeel","ميکا ئيل"
"makkah","مکہ"
"Mal","مل"
"Malah","ملاح"
"Malak","ملک"
"Malang","ملنگ"
"Mali","مالى"
"Malik","ملک"
"Malikwal","ملک وال"
"Maling","ملنگ"
"Malkhana","مال خانہ"
"Mall","مال"
"Mallah","ملاح"
"Mamand","ممند"
"Mamna","ممنا"
"Mamtaz","ممتاز"
"Mamtaz-ul-Hassan","ممتازالحسن"
"Man","مين"
"Management","منيجمنٹ"
"Manager","منيجر"
"Manak","مانک"
"Manawar","منور"
"Manazir","مناظر"
"Mandi","منڈى"
"Mane","ماني"
"Manga","مانگا"
"Mangani","منگانى"
"Mangini","منگينى"
"Mangoana","منگوآنہ"
"Manguana","منگوآنہ"
"Mani","مانى"
"Manno","مانو"
"Mansab","منصب"
"Mansha","منشا"
"Manshah","منشا"
"Mansoor","منصور"
"Mansuri","منصورى"
"Mantinance","مرمت"
"Manufacturing","مينوفيکچرنگ"
"Manzal","منزل"
"Manzar","منظر"
"Manzil","منزل"
"Manzoor","مظور"
"Mapal","مپال"
"Maple","ميپل"
"Maqbool","مقبول"
"Maqsood","مقصود"
"Mardan","مردان"
"Marfat","معرفت"
"Mari","ماڑى"
"Mariam","مريم"
"Mark","مارک"
"Markat","مارکيٹ"
"Markaz","مرکز"
"Markazi","مرکزى"
"Markeet","مارکيٹ"
"Market","مارکيٹ"
"Markett","مارکيٹ"
"Markup","مارکاپ"
"Marot","ميرٹ"
"Marri","ماڑى"
"Martyred","شہيد"
"Marzi","مرضى"
"Masaood","مسعود"
"Masjad","مسجد"
"Masjid","مسجد"
"Masood","مسعود"
"Masoom","معصوم"
"Masoomeen","معصومين"
"Massan","مسن"
"Mastan","مستان"
"Master","ماسٹر"
"Material","ميٹريل"
"Materials","ميٹريلز"
"Matex","ميٹکس"
"Matey","متے"
"Mather","مدر"
"Mation","ميشن"
"Matloob","مطلوب"
"Maula","مولا"
"Maulana","مولانا"
"Maulvi","مولوى"
"Mausa","موسٰى"
"Mauza","موضع"
"May","مئى"
"Mazahar","مظہر"
"Mazar","مظہر"
"Mazhar","مظہر"
"Mazher","مظہر"
"MCB","مسلم کمرشل بينک"
"MDC","ايم ڈى سى"
"Meadna","مدينہ"
"Measure","پيمانہ"
"Mechanical","مکينيکل"
"Medh","مہدی"
"Medical","ميڈيکل"
"Medicine","ادويات"
"Meeazn","میزان"
"Meer","مہر"
"Meeran","ميرن"
"Meezan","میزان"
"Mefil","محفل"
"Meghiana","مگھيانہ"
"Mehboob","محبوب"
"Mehde","مہدی"
"Mehdi","مہدی"
"Meher","مہر"
"Mehfil","محفل"
"Mehfl","محفل"
"Mehfle","محفل"
"Mehhdi","مہدی"
"Mehmood","محمود"
"Mehr","مہر"
"Mehran","مہران"
"Mehtab","مہتاب"
"Mellon","خربوزہ"
"Memon","ميمن"
"Merali","مرالى"
"Meran","ميرن"
"Merchant","مرچنٹ"
"Merchants","مرچنٹس"
"Merchants,","مرچنٹس"
"Merik","ميرک"
"Mess","ميس"
"Metro","میٹر"
"Mezan","میزان"
"Mian","مياں"
"Mianchanoon","مياں چنوں"
"Miani","ميانى"
"Mianwali","ميانوالى"
"Micro","مائيکرو"
"Middle","مڈل"
"Midrissa","مدرسہ"
"Migrated","منتقل"
"milk","دودھ"
"Mill","مل"
"Millat","ملت"
"MillCash","مل کيش"
"Mills","ملز"
"Minhaj","منہاج"
"Mini","مني"
"Mintgumry","منٹگمری"
"Mirasi","ميراثى"
"Miror","شيشہ"
"Mirza","مرزا"
"Misc","متفرق"
"Miscellaneous","متفرق"
"Miscelleneous","متفرق"
"Miscellinious","متفرق"
"Misclenious","متفرق"
"Misiri","مصرى"
"Mission","مشن"
"Mistri","مسترى"
"Mithoo","مٹھو"
"Mix","مکس"
"Mixing","مکسنگ"
"Moawaia","معاويہ"
"Moawia","معاويہ"
"Mobile","موبائل"
"Mobilink","موبي لنک"
"Mochi","موچى"
"Mochiwala","موچيوالہ"
"Model","ماڈل"
"Moh","محلہ"
"Moh.","محلہ"
"Moh:","محلہ"
"Mohafiz","محافظ"
"Mohajreen","مہاجرين"
"Mohala","محلہ"
"Mohallah","محلہ"
"Mohammad","محمد"
"Mohammadabad","محمدآباد"
"Moharrar","محرر"
"Moharrir","محرر"
"Mohay","محى"
"Mohd","محمد"
"Mohib","محب"
"Mohlanwal","مولہنوال"
"Mohllah","محلہ"
"Mohsan","محسن"
"Mohsin","محسن"
"Mohtahsan","مستحسن"
"Molaha","محلہ"
"Molvi","مولوى"
"Monawar","منور"
"Money","منى"
"Mongi","مونگى"
"Monitor","مانيٹر"
"Monitoring","مونيٹرنگ"
"Montgomary","منٹگمرى"
"Montgomery","منٹگمرى"
"Montgomry","منٹگمرى"
"Monthly","ماہانہ"
"months","مہینہ"
"Montogomery","منٹگمرى"
"Moon","مون"
"Moonda","موندا"
"Mor","موڑ"
"More","موڑ"
"Morr","موڑ"
"Mosque","مسجد"
"Mother","امی"
"Moti","موتى"
"Motor","موٹر"
"Motorcycle","موٹر سائيکل"
"Moughla","مگلا"
"Mouza","موضع"
"Moza","موضع"
"MPO","ايم پى او"
"Mr","مسٹر"
"MSB","مسلم کمرشل بينک"
"Mst","مسمات"
"Mst.","مسمات"
"Mst:Mahmooda","مسماة محمودہ"
"MTO","ايم ٹى او"
"Muahammad","محمد"
"Mubarak","مبارک"
"Mubarik","مبارک"
"Mubashar","مبشر"
"Mubasher","مبشر"
"Mubashir","مبشر"
"Mubeen","مبين"
"Mudaris","مدارس"
"Mudassar","مدثر"
"Mudei","مدعى"
"Mudrissa","مدرسہ"
"Mueed","موئيد"
"Mufti","مفتى"
"Mughal","مغل"
"Mughni","مغنى"
"Muhabbat","محبت"
"Muhafiz","محافظ"
"Muhajirin","مہاجرين"
"Muhajreen","مہاجرين"
"Muhajrin","مہاجرين"
"Muhamad","محمد"
"Muhamamd","محمد"
"Muhammad","محمد"
"Muhammadi","مہد ی"
"Muhammed","محمد"
"Muhi","محى"
"Muhib","محمد"
"Muhmmad","محمد"
"Mujahid","مجاہد"
"Mujahideen","مجاہديں"
"Mujtaba","مجتبٰى"
"Mukhtar","مختار"
"Mukram","مکرم"
"Mulazam","ملازم"
"Mulazim","ملازم"
"Multan","ملتان"
"Multex","مولٹيکس"
"Mumtaz","ممتاز"
"Mumtaz-ul-Hassan","ممتازالحسن"
"mun","من"
"Munassar","منصر"
"Munawar","منور"
"Munawer","منور"
"Munda","موندا"
"Munday","منڈے"
"Mundi","منڈى"
"Muneer","منير"
"Munir","منير"
"Munji","منجی"
"Munshina","منشيانہ"
"Muntaz","ممتاز"
"Muntazim","منتظم"
"Muntazir","منتظر"
"Munwar","منور"
"Murad","مراد"
"Muradwala","مرادوالا"
"Mureed","مريد"
"Murid","مريد"
"Murtajiz","مرتجز"
"Murtaza","مرتضى"
"Musa","موسٰى"
"Mushtaq","مشتاق"
"Muslim","مسلم"
"Mussarrat","مسرت"
"Mustafa","مصطفٰى"
"Mustan","مستان"
"Mutwalli","متولى"
"Muza","موضع"
"Muzafar","مظفر"
"Muzaffar","مظفر"
"Muzamal","مزمل"
"Muzamel","مزمل"
"Muzammal","مزمل"
"Muzammil","مزمل"
"Muzar","مظہر"
"Muzzafar","مظفر"
"Muzzamal","مزمل"
"MVO","ايم وى او"
"N","اين"
"N0.130","نمبر130"
"Naag","ناگ"
"Nabawat","نبوت"
"Nabi","نبى"
"Nadeem","نديم"
"Nadir","نادر"
"Naeem","نعيم"
"Nafees","نفيس"
"Nag","ناگ"
"Nagar","نگر"
"Naghah","نگاہ"
"Naghma","نغمہ"
"Nahang","نہنگ"
"Naib","نائب"
"Naimat","نيامت"
"Naizmabad","ناظم آباد"
"Najab","نجب"
"Najaf","نجف"
"Najma","نجمہ"
"Nala","نالہ"
"Nambardar","نمبردار"
"Namdar","نامدار"
"Name","نام"
"naneenasir","نینی ناصر"
"Nanha","ننھا"
"Napier","نيپئر"
"Naqa","نکا"
"Naqdi","نقدى"
"Naqvi","نقوى"
"Naraish","نریش"
"narcotics","نارکوٹکس"
"Nargis","نرگس"
"naro","نارو"
"Nasara","ناصرہ"
"Naseeb","نصيب"
"Naseem","نسيم"
"Naseer","نصير"
"Nashaib","نشيب"
"Nashterabad","نشاط آباد"
"Nasim","نسيم"
"Nasir","ناصر"
"Nasira","ناصرہ"
"Nasrulla","نصراللہ"
"Nasrullah","نصراللہ"
"Nat","نت"
"Natioanl","نيشنل"
"National","نيشنل"
"Nau","نو"
"Naubahar","نوبہار"
"Nauko","نکو"
"Naul","نول"
"Naung","نورنگ"
"Naurang","نورنگ"
"Nauring","نورنگ"
"Naushad","نوشاد"
"Nausher","نوشير"
"Naveed","نويد"
"Navees","نويس"
"Nawab","نواب"
"Nawaban","نواباں"
"Nawan","نواں"
"Nawash","نوازش"
"Nawaz","نواز"
"Nawazish","نوازش"
"Nayar","نير"
"Nayer","نير"
"nayne","نین"
"Nayyab","ناياب"
"Nayyar","نير"
"Nazakat","نزاکت"
"Nazar","نذر"
"Nazeer","نزير"
"Nazim","ناظم"
"Nazimabad","ناظم آباد"
"Nazir","نزير"
"NBA","نيشنل بينک"
"NBP","نيشنل بنک"
"Near","نزد"
"Necokarah","نيکوکارہ"
"Neema","نيما"
"Neemafil","نيمافل"
"Neemaphil","نيمافل"
"Neham","نہم"
"Nemafil","نيمافل"
"Net","نقد"
"New","نيا"
"News","نيوز"
"Nia","نيا"
"Niagara","نياگرا"
"Niaz","نياز"
"Niazi","نيازى"
"Night","نائٹ"
"Nijabat","نجابت"
"Nika","نکا"
"Niku","نکو"
"nil","۔"
"Nimra","نمرا"
"Nisa","نسا"
"Nisar","نثار"
"Nishan","نشان"
"Nishat","نشاط"
"Nishatabad","نشاط آباد"
"Nishi","نشى"
"Nishtarabad","نشترآباد"
"Nishter","نشتر"
"Nissoana","نسوآنہ"
"Nither","نٹھر"
"Nizam","نظام"
"No","نمبر"
"No.","نمبر"
"No.1","نمبر1"
"No.127","نمبر127"
"No.128","نمبر128"
"No.129","نمبر129"
"No.131","نمبر131"
"No.132","نمبر132"
"No.134","نمبر134"
"No.140","نمبر140"
"No.143","نمبر143"
"No.144","نمبر144"
"No.151","نمبر151"
"No.152","نمبر152"
"No.153","نمبر153"
"No.158","نمبر158"
"No.184","نمبر184"
"NO.187","نمبر187"
"No.2","نمبر2"
"NO.204","نمبر204"
"No.206","نمبر206"
"No.208","نمبر208"
"No.209","نمبر209"
"No.210","نمبر210"
"No.223","نمبر223"
"No.225","نمبر225"
"No.232","نمبر232"
"No.240","نمبر240"
"No.241","نمبر241"
"No.242","نمبر242"
"No.251","نمبر251"
"No.252","نمبر252"
"No.4","نمبر4"
"No.463","نمبر463"
"No.484","نمبر484"
"No.495","نمبر495"
"No.4-Gagh","نمبر4گھگھ"
"No.5","نمبر5"
"No.6","نمبر6"
"Nokia","نوکيا"
"Non","نان"
"Noon","نون"
"Nooor","نور"
"Noor","نور"
"Noorani","نورانى"
"Noorpur","نورپورہ"
"Noorwala","نوروالا"
"Norang","نورنگ"
"Norcotics","نارکوٹکس"
"Noreen","نورين"
"North","نارتھ"
"Nosheer","نوشير"
"Nosher","نوشير"
"Not","نیں"
"Nouman","نعمان"
"Novatech","نوواٹيک"
"Now","حال"
"Numberdar","نمبردار"
"Nusrat","نصرت"
"Nut","نت"
"O","او"
"O/E","اوپن اينڈ"
"OASI","اواےايس آئى"
"OB","آرڈر بک"
"Obaid","عبيد"
"Ocean","اوشين"
"OCS","او سى ايس"
"Odan","اوڈاں"
"Oddanwali","اوڈانوالى"
"of","آف"
"Off","اف"
"office","آفس"
"Officer","آفيسر"
"Ograee","اوگرائى"
"Ograi","اوگرائى"
"Oil","آئل"
"Okara","اوکاڑہ"
"Old","اولڈ"
"Oldage","اولڈ ايج"
"Olympic","اولمپک"
"On","آن"
"One"," ايک"
"Online","اون لائن"
"Open","اوپن"
"Open End","اوپن اينڈ"
"Openend","اوپن اينڈ"
"opening","اوپننگ"
"Openning","اوپنگ"
"Operater","آپريٹر"
"Operating","آپريٹنگ"
"Operation","آپريشن"
"Operational","اوپريشنل"
"Operator","آپريٹر"
"Opp","بالمقابل"
"Opposite","بالقابل"
"Orangi","اورنگي"
"Order","ارڈر"
"Orderly","اردلى"
"Ordinary","آرڈينرى"
"organization","آرگنائزيشن"
"Organized","آرگنائزڈ"
"Original","اصل"
"Orix","اوريکس"
"OSI","اوايس آئى"
"Other","دوسرے"
"Others","دوسرى"
"Over","اوور"
"Overheads","اوورہيڈز"
"Overseas","اوورسيز"
"Owners","اونرز"
"P","پى"
"P/L","پرافٹ لاس"
"Paal","پال"
"Packing","پيکنگ"
"Pahar","پہاڑ"
"Paharr","پہاڑ"
"Paid","پيڈ"
"Paikistan","پاکستان"
"Pairvi","پيروى"
"paisa","پیسہ"
"Pak","پاک"
"Paka","پکا"
"Pakay","پکے"
"Pakistan","پاکستان"
"Pakki","پکى"
"Pakky","پکے"
"Panel","پينل"
"Pani","پانى"
"Pannel","پينل"
"Pansera","پينسرہ"
"Paper","پيپر"
"Papercone","پيپرکون"
"Papers","پيپرز"
"Park","پارک"
"Parke","پارک"
"Parties","پارٹيز"
"Parts","پارٹس"
"Parvaiz","پرويز"
"Parveen","پروين"
"Parvez","پرويز"
"Pasban","پاسبان"
"Pathan","پٹھان"
"Pathay","پھٹے"
"Patri","پترى"
"Patroling","پٹرولنگ"
"Patrolling","پٹرولنگ"
"Patwari","پٹوارى"
"Pawli","پاولى"
"pay","پے"
"Payment","پے منٹ"
"Pc","پى سى"
"PCA","پى سى اے"
"PCO","پى سى او"
"Peddy","مو نجی"
"Peer","پير"
"Peeran","پيرن"
"Peeranwala","پيرانوالہ"
"Peerwala","پيروالہ"
"Pehlwan","پھلوان"
"Pelo","پيلو"
"Pelowal","پيلووال"
"Pencil","پنسل"
"Peon","چپڑاسى"
"Peoples","پيپلز"
"Pepper","پيپر"
"Person","پرسن"
"Pervaiz","پرويز"
"Peshawar","پشاور"
"Peshawer","پشاور"
"Petrol","پٹرول"
"Petrole","پٹرول"
"Petrolium","پيٹروليم"
"Pharoo","فيرو"
"Pharu","فيرو"
"Phase","فيز"
"Phatay","پھٹے"
"Phearu","فيرو"
"Pheru","فيرو"
"Phone","فون"
"Photo","فوٹو"
"Photographer","فوٹو گرافر"
"Photographic","فوٹوگرافک"
"Photostate","فوٹوسٹيٹ"
"PHP","پى ايچ پى"
"PI","پى آئى"
"Picket","پکٹ"
"Pindi","پنڈى"
"Pipal","پپل"
"Piple","پپل"
"Piplianwala","پپليانوالہ"
"Pir","پير"
"Piran","پيرن"
"Pitwari","پٹوارى"
"Pizza","پیزا"
"Place","پليس"
"Plan","پلان"
"Plant","پلانٹ"
"PLASTIC"," پلاسٹک"
"Plaza"," پلازہ"
"Plot"," پلاٹ"
"Plus","پلس"
"PO","پى او"
"Poiner","پائنير"
"Point","پوائنٹ"
"poli","پولى"
"Police","پوليس"
"Polie","پوليس"
"Polyeaster","پولى ايسٹر"
"Polyester"," پوليسٹر"
"Polyster"," پوليسٹر"
"Polythin","پولى تھين"
"POLYTHINE"," پولىتھين"
"Poor","عربیب"
"Portion"," پورشن"
"Post","پوسٹ"
"Postage"," پوسٹيج"
"Posts","پوسٹس"
"Power","پاور"
"PP","پى پى"
"PPC","ت پ"
"PQR","پى کيو آر"
"Pre","پرى"
"Premium","پريميم"
"Prepaid","ادا شدہ"
"Presession","پريسيشن"
"President","صدر"
"Presives","پري سيوز"
"Press","پريس"
"Pressing","پريسنگ"
"Previous","سابقہ"
"Print","پرنٹ"
"Printer","پرنٹر"
"Printers","پرنٹرز"
"Printing","پرنٹنگ"
"Prises","پرائزز"
"Private","پرائيويٹ"
"PRO","پى آر او"
"Probationer","پروبيشنر"
"Process","پراسس"
"Processing","پراسسنگ"
"Products","پروڈکٹس"
"Proficient","پروفيشنٹ"
"Profit","نفع"
"Programmer","پروگرامر"
"progress","پراگرس"
"Promoted","ترقياب"
"Property","پراپرٹى"
"Provident","پراويڈنٹ"
"Provion","پروويڎن"
"Provision","پروويڎن"
"Prozi","پروزى"
"PRTC","پى آر ٹى سى"
"PS","تہانہ"
"PSO","پى ايس او"
"PTS","پى ٹى ايس"
"Pul","پل"
"Pulian","پلياں"
"Pulli","پلى"
"Pump","پمپ"
"Punja","پنجہ"
"Punjab","پنجاب"
"Pur","پور"
"Pura","پورہ"
"Purana","پرانا"
"Purani","پرانى"
"Purchae","پرچيز"
"Purchase","خريد"
"Purchases","خريد"
"Pvt","پرائيويٹ"
"Pvt.","پرائيويٹ"
"Q","کيو"
"Qadarpur","قادر پور"
"Qadeem","قديم"
"Qadeemi","قديمى"
"Qadeer","قدير"
"Qademi","قديمى"
"Qadir","قادر"
"Qadirpur","قادر پور"
"Qadri","قادرى"
"Qadus","قدوس"
"Qaim","قائم"
"Qaisar","قيصر"
"Qaiser","قيصر"
"Qalab","قلب"
"Qalandar","قلندر"
"Qalander","قلندر"
"Qalib","قلب"
"Qamar","قمر"
"Qambar","قمر"
"Qamber","قمر"
"Qari","قارى"
"Qasaban","قصاباں"
"Qasai","قصائى"
"Qasar","قصر"
"Qasba","قصبہ"
"Qasim","قاسم"
"Qasoana","کسوآنہ"
"Qasoor","قصور"
"Qasor","قصور"
"Qasr","قصر"
"Qasra","قصر"
"Qasra-e Aal-a-Imran","قصر ال عمران"
"Qasray","قصر"
"Qasre","قصر"
"Qasr-e-Ghulam","قصر غلام"
"Qasr-e-Zahra","قصرزہرا"
"Qasre-Zahra","قصرزہرا"
"Qassaban","قصاباں"
"Qatub","قطب"
"Qayyum","قيوم"
"Qazi","قاضى"
"Qazian","قاضياں"
"Qazianwali","قاضياں"
"Qazim","کاظم"
"Qeri","کرى"
"Qilla","قلعہ"
"Qrangi","کورنگى"
"QTRS","کوارٹرز"
"Quadri","قادرى"
"Quaid","قائد"
"Quaim","قائم"
"Queen","کوئين"
"Quereshi","قريشى"
"Quetta","کويٹہ"
"Qumar","قمر"
"Qurashian","قريشاں"
"Qurban","قربان"
"Quresh","قريش"
"Qureshi","قريشى"
"Qutab","قطب"
"Qutta","کويٹہ"
"R","آر"
"R/O","سکنہ"
"R/OMoh","سکنہ محلہ"
"R/OMoh:","سکنہ محلہ"
"R/S","رنگ سپننگ"
"Rab","رب"
"Rabbani","ربانى"
"Rabnawaz","ربنواز"
"Rabwah","ربوہ"
"Rafaqat","رفاقت"
"Rafee","رفيع"
"Rafi","رفيع"
"Rafiq","رفيق"
"Rafique","رفيق"
"Raghib","راغب"
"Raheem","رحيم"
"Rahim","رحيم"
"Rahman","رحمان"
"Rahmat","رحمت"
"Rai","رائے"
"Rail","ريل"
"Railway","ريلوے"
"Rait","ريت"
"Raiwind","رائيونڈ"
"Raiz","رياض"
"Raj","راج"
"Raja","راجہ"
"Rajab","رجب"
"Rajana","رجانہ"
"Rajawa","رجوعہ"
"Rajay","راجے"
"Rajba","راجباہ"
"Rajbana","رجبانہ"
"Rajeet","رجيت"
"Rajiwali","راجےوالى"
"Rajkan","راجکان"
"Rajoa","رجوعہ"
"Rajowa","رجوعہ"
"Rajpoot","راجپوت"
"Raju","راجو"
"Rakh","رکھ"
"Rakha","رکھا"
"Ram","رام"
"Ramzan","رمضان"
"Rana","رانا"
"Range","رينج"
"Rangoo","رنگو"
"Rani","رانى"
"Ranjeet","رانجيت"
"Ranjha","رانجھا"
"Rao","راؤ"
"Raod","روڈ"
"Rasheed","رشيد"
"Rashid","رشيد"
"Rashidi","راشدى"
"Rasol","رسول"
"Rasool","رسول"
"Rasoolpura","رسولپورہ"
"Rasul","رسول"
"rate","ریٹ"
"Ratta","رتہ"
"Rauf","رؤف"
"Ravi","راوى"
"Raw","را"
"Rawalpindi","راوالپنڈى"
"Rayhan","ریحان"
"Raza","رضا"
"Razak","رزاق"
"Razaq","رزاق"
"Razia","رضيہ"
"Razzak","رزاق"
"Razzaq","رزاق"
"Re","دوبارہ"
"Reader","ريڈر"
"Reaz","رياض"
"Receipts","وصولياں"
"Receivables","وصولياں"
"Receiveable","وصولياں"
"Received","وصول"
"Recived","وصولي"
"record","ريکارڈ"
"recovery","ريکورى"
"Recruit","ريکروٹ"
"Ref","ريفرينس"
"Refrection","ممنى"
"Refund","ريفنڈ"
"Regency","ريجنسى"
"Regimental","رجمنٹل"
"Rehana","ريحانہ"
"Rehm","رحم"
"Rehman","رحمان"
"Rehmani","رحمانى"
"Rehmat","رحمت"
"Rehmatullah","رحمت اللہ"
"Rehmo","رحمو"
"Rehmoon","رحمو"
"Rehray","ریڑھے"
"Reinstated","بحال"
"Reliance","ريلائنس"
"Remunerations","ريمنريشن"
"Rent","رينٹ"
"Repair","مرمت"
"Repairing","مرمت"
"Replacement","تبد ل"
"report","رپورٹ"
"Rescue","ريسکيو"
"Reserve","ريزرو"
"Reserves","ريزرو"
"Residence","رہائش"
"Rest","ريسٹ"
"Retired","ريٹائرڈ"
"Retrun","رٹرن"
"Return","ريٹرن"
"Revenue","ريونيو"
"Reverce","واپسی"
"Rex","ريکس"
"RI","آرآئي"
"Rial","ریال"
"Riasat","رياست"
"Riaz","رياض"
"Rice","رائس"
"Rider","سوار"
"Riffat","رفعت"
"Right","رائٹ"
"Ring","رنگ"
"Rivaz","ريواز"
"Rizwan","رضوان"
"RM","آر ايم"
"Road","روڈ"
"Roat","روات"
"Rodo","روڈو"
"Rodu","روڈو"
"Roi","روئى"
"Rolan","رولان"
"Room","روم"
"Roomi","رومى"
"Roranwali","روڑانوالى"
"Rorranwali","روڑانوالى"
"Roving","روونگ"
"Royal","رائل"
"Roznamcha","روزنامچہ"
"Rs","روپے"
"RTC","ار ٹى سى"
"Rtd","ريٹائرڈ"
"Rungrazian","رنگريزاں"
"Running","رننگ"
"Rustam","رستم"
"Rustom","رستم"
"Rusul","رسول"
"S","ايس"
"S/O","ولد"
"S/T","سٹيلائٹ ٹاؤن"
"Saadat","سادات"
"Saadullah","سعد اللہ"
"Sabar","صابر"
"Saber","صابر"
"Sabir","صابر"
"Saboo","صابو"
"Sabtain","سبطين"
"Sabu","صابو"
"Sabzi","سبزى"
"Sack","سيک"
"Sacred","سيکرڈ"
"Sada","سدا"
"Sadaat","سادات"
"Sadaqat","صداقت"
"Sadar","صدر"
"Sadar-ud-Din","صدرالدين"
"Sadar-u-Din","صدرالدين"
"Sadat","سادات"
"Saday","سدے"
"saddr","صدر"
"Sadhana","سدھانہ"
"Sadia","سعدیہ"
"Sadiq","صادق"
"Sadiqabad","صادق آباد"
"Sadiqia","صديقہ"
"Saeed","سعيد"
"Safadar","صفدر"
"Safdar","صفدر"
"Safia","صفيہ"
"Sagheer","صغير"
"Saghir","صغير"
"Saghira","صغيرہ"
"Sah","ساہ"
"Sahab","صاحب"
"Sahaba","صحابہ"
"Sahaloon","صالحوں"
"Saharan","سہارن"
"Sahib","صاحب"
"Sahrif","شريف"
"Said","سيد"
"Saif","سيف"
"Saifullah","سيف اللہ"
"Sailkot","سيالکوٹ"
"Saira","سرائے"
"Saith","سيٹھ"
"Sajad","سجاد"
"Sajadia","سجاديہ"
"Sajawal","ساجھوال"
"Sajhar","ساجھر"
"Sajid","ساجد"
"Sajjad","سجاد"
"Sajjadia","سجاديہ"
"Sakeena","سکينہ"
"Sakha","سکھا"
"Sakhawat","سخاوت"
"Sakhera","سکھيرا"
"Sakhi","سخي"
"SaKhira","سخيرا"
"Sakhwat","سخاوت"
"Sakina","سکينہ"
"Salabat","صلابت"
"Salah","صلاح"
"Salam","سلام"
"Salaries","تنخواہ"
"Salary","تنخواہ"
"Salay","تنخواہ"
"Sale","فروختگى"
"Saleem","سليم"
"Saleh","صالح"
"Salehoon","صالحوں"
"Sales","فروختگى"
"Salik","سالک"
"Salim","سليم"
"Salman","سليمان"
"Samad","صمد"
"Samana","ثمانہ"
"Samand","سمند"
"Samandoana","سمندوآنہ"
"Samanduwan","سمندوآنہ"
"Samanduwana","سمندوآنہ"
"Samar","ثمر"
"Sami","سميع"
"Samman","سمن"
"Samplex","سيمليکس"
"Samundri","سمندرى"
"Sana-ul-Haq","ثناالحق"
"Sangam","سنگم"
"Sanghra","سانگھڑا"
"Sangra","سنگرا"
"Sangrah","سانگرہ"
"Sanitary","سينٹرى"
"Sanozar","سنوزر"
"Saqi","ساقى"
"Saqib","ثاقب"
"Saqlain","ثقلين"
"Sar","سر"
"Sarai","سرائے"
"Sarang","سارنگ"
"Sardar","سردار"
"Sardara","سردارا"
"Sardaray","سردارے"
"Sardul","سردول"
"Sarfraz","سرفراز"
"Sargana","سرگانہ"
"Sargeant","سارجنٹ"
"Sargent","سارجنٹ"
"Sargodha","سرگودھا"
"Sari","سارى"
"Saritow","سريٹو"
"Saroo","سرو"
"Saru","سرو"
"Sarwar","سرور"
"Satellite","سيٹلائٹ"
"Sattar","ستار"
"Sattelite","سيٹلائٹ"
"Saudi","سعودى"
"Saudia","سعوديہ"
"Saving","سيونگ"
"Sawa","ساوا"
"Sawar","سرور"
"Sayd","سيد"
"Sayed","سيد"
"Sayyed","سيد"
"Sb","صاحب"
"Scale","کنڈا"
"Scales","سکيلز"
"Scess","سيس"
"School","سکول"
"Scrape","سکريپ"
"Screen","سکرين"
"SDC","ايس ڈى سى"
"SDPO","ايس ڈى پى او"
"SDPO/Chenab","ايس ڈى پى او چناب"
"SDPO/Chiniot","ايس ڈى پى او چنيوٹ"
"SDPO/Lalian","ايس ڈى پى او لالياں"
"Seari","سرائے"
"Secion","سيکشن"
"Secretary","سيکرٹرى"
"Sectarian","سيکٹيرين"
"Section","سيکشن"
"Sector","سيکٹر"
"Securities","سيکيورٹى"
"Security","سيکورٹى"
"Seed","سعيد"
"Sehala","سہالہ"
"Self","خود"
"Senior","سينئر"
"Sep","ستمبر"
"Serives","سروس"
"Service","سروس"
"Services","سروسز"
"Sesions","سيشن"
"Session","سيشن"
"Sessions","سيشنز"
"Sevil","سول"
"SFM","صوفى فلور مل"
"Sha","شاہ"
"Shaban","شعبان"
"Shabbar","شبر"
"Shabbir","شبير"
"Shabeer","شبير"
"Shabir","شبير"
"Shabnam","شبنم"
"Shad","شاد"
"Shadab","شاداب"
"Shadan","شادان"
"Shadi","شادى"
"Shadman","شادمان"
"Shady","شادى"
"Shafaqat","شفاقت"
"Shafi","شفيع"
"Shafiq","شفيق"
"Shafique","شفيق"
"Shafqat","شفقت"
"Shah","شاہ"
"Shah(late)","شاہ مرحوم"
"Shahab","شہاب"
"Shahabal","شہابل"
"Shahab-ud-Din","شہاب الدين"
"Shahadat","شہادت"
"Shahamand","شہامند"
"Shahay","شاہى"
"Shahbaz","شہباز"
"Shahdat","شہادت"
"Shaheed","شہيد"
"Shaheen","شاہين"
"Shahi","شاہى"
"Shahid","شاہد"
"Shahkot","شاہکوٹ"
"Shahnaz","شہناز"
"SHAHR","شھر"
"Shahrah","شاہراہ"
"Shahzad","شھزاد"
"Shahzada","شہزادہ"
"Shahzaib","شہزيب"
"Shahzed","شہزاد"
"Shaihid","شاہد"
"Shaikhan","شيخن"
"Shaireen","شيريں"
"Shairuaana","شيروآنہ"
"Shakeel","شکيل"
"Shakhpura","شيخوپورہ"
"Shakhupura","شيخوپورہ"
"Shakir","شآکر"
"Shakkoor","شکور"
"Shakoor","شکور"
"Shalimar","شاليمار"
"Sham","شام"
"Shamas","شمس"
"Shamim","شميم"
"Shamir","شمير"
"Shams","شمس"
"Shamshair","شمشير"
"Shamsher","شمشير"
"Shamsul","شمس ال"
"Shams-ul-Haq","شمس الحق"
"Shams-ul-Hassan","شمس الحسن"
"Sham-ul-Hassan","شمس الحسن"
"Shan","شان"
"Shankar","شنکر"
"Shaokat","شوکت"
"Shar","شير"
"Sharaf","شرف"
"Sharafat","شرافت"
"Share","شئر"
"Shares","حصص"
"shari","شریف"
"Sharia","شريعہ"
"Sharif","شريف"
"Sharifanwala","سريف والا"
"Sharqi","شرقى"
"Sharqia","شرقيہ"
"Sharqui","شرقى"
"Shaukat","شوکت"
"Shed","شيڈ"
"Sheet","شيٹ"
"SHEHAR","شہر"
"Shehbaz","شہباز"
"Shehr","شہر"
"Shehzad","شہزاد"
"Shehzada","شہزادہ"
"Sheikh","شيخ"
"Sheikhan","شيخاں"
"Sheikhupura","شيخوپورہ"
"Sheiks","شيخ"
"Shekhan","شيخ"
"Shekhopura","شيخوپورہ"
"Sher","شير"
"Shera","شيرا"
"Sheraz","شیراز"
"Sherki","شرقى"
"Shezan","شيزان"
"Shift","شفٹ"
"Shikhara","شيخارہ"
"SHO","ايس ايچ او"
"Shoaib","شعيب"
"shop","شاپ"
"Shoping","شاپنگ"
"Shopkeeper","دوکاندار"
"Shorkot","شورکوٹ"
"Short","شارٹ"
"Shoukat","شوکت"
"SI","ايس آئى"
"Siaain","سائيں"
"Sial","سيال"
"Sialkot","سيالکوٹ"
"SIAO","ايس آئى اے او"
"Sibtain","سبطين"
"Siddiq","صديق"
"Siddiqi","صديقى"
"Siddique","صديق"
"Siddiqui","صديقى"
"Side","سائيڈ"
"Sihala","سہالہ"
"Sihalah","سہالہ"
"Sikandar","سکندر"
"Sikander","سکندر"
"Sikhara","سکھارا"
"Silabut","صلابت"
"Silver","سلور"
"Simla","شملا"
"Simplex","سيملکس"
"Singh","سنگھ"
"Sipah","سپاہ"
"Sipra","سپرا"
"Siraj","سراج"
"Sister","سسٹر"
"Sitara","ستارہ"
"Site","سائٹ"
"Sjjaad","سجاد"
"Skina","سکینہ"
"Sliver","سلور"
"SM","ایس ايم"
"Small","سمال"
"Smart","سمارٹ"
"SME","ايس ايم اى"
"Snora","سنورا"
"Social","سوشل"
"Sodager","سوداگر"
"Sohail","سہيل"
"Sohna","سوھنا"
"Sohnay","سوہنے"
"Sohrab","سہراب"
"Sold","سولڈ"
"Sons","سنز"
"Sooba","صوبہ"
"Soot","سوت"
"Sooter","سوتر"
"Sotre","سٹور"
"Sotri","سوترى"
"Sottri","سوترى"
"SP","ايس پى"
"SP/HQrs","اپس پى ہيڈ کوارٹر"
"Spare","سپيئر"
"Spares","سپيئرز"
"Special","سپيشل"
"Spin","سپن"
"Sping","سپنگ"
"Spinghar","سپنگڑھ"
"Spining","سپنگ"
"Spinning","سپننگ"
"Split","سپلٹ"
"Sppining","سپننگ"
"Sqaud","سکاڈ"
"Squad","سکاڈ"
"Square","سکوائر"
"SRC","ايس آر سى"
"SRM","صوفى رائيس مل"
"SSP","سپاہ صحابہ"
"St","گلى"
"Staff","سٹاف"
"Stand","سٹينڈ"
"Standby","ساکن"
"Star","سٹار"
"Stars","سٹارز"
"Start","سٹارٹ"
"State","سٹيٹ"
"Station","سٹيشن"
"Stationary","سٹيشنرى"
"Stationery","سٹيشنرى"
"Stayen","سٹائن"
"Steno","سٹينو"
"Stick","سٹک"
"STM","صوفى ٹيکسٹائل مل"
"Stock","سٹاک"
"Stocks","سٹاکس"
"Store","سٹور"
"Stores","سٹورز"
"StPoint","نقطہ آغاز"
"Street","گلى"
"Suba","صوبہ"
"Subey","صوبے"
"Subsidy","سبسڈى"
"Sufi","صوفى"
"Sugar","شوگر"
"Suger","شوگر"
"Suhail","سہيل"
"Suit","سوٹ"
"Sujawal","ساجھووال"
"Suji","سوجى"
"Sukha","سکھا"
"Sulayman","سليمان"
"Suleman","سليمان"
"Sultan","سلطان"
"Sultana","سلطانہ"
"Sumandri","سمندرى"
"super","سپر"
"Superintendent","سپرنٹنڈنٹ"
"Suplier","سپلائر"
"Supliers","سپلائرز"
"Supplementary","اضافی"
"Supplier","سپلائر"
"Suppliers","سپلائرز"
"Supply","سپلائى"
"Surbana","سربانہ"
"Surplus","سرپلس"
"Surrounding","ملحقہ"
"Suspended","معطل"
"Sweeping","سويپنگ"
"Sweet","سويٹ"
"Sweety","سويٹى"
"Syad","سيد"
"Sycle","سائيکل"
"Sydan","سيداں"
"Syed","سيد"
"Syeda","سيدہ"
"Syedan","سيداں"
"Syer","سيد"
"Symplex","سيمپليکس"
"Systems","سسٹمز"
"T","ٹى"
"Tabaq","طباق"
"Tabarak","تبرک"
"Tabark","تبرک"
"Tabassam","تبسم"
"Tabootan","تابوتاں"
"Tahawar","تہاور"
"Tahir","طاہر"
"Tahli","ٹاہلى"
"Taili","تيلى"
"Taizab","تيزاب"
"Taj","تاج"
"Tajamal","تجمل"
"Tajammal","تجمل"
"Talaat","طلعت"
"Talab","طالب"
"Talian","ٹالياں"
"Talib","طالب"
"Taliwala","ٹالى والہ"
"Tallat","طلعت"
"Tamassal","تمسل"
"Tanga","ٹانگا"
"Tangible","ٹينجبل"
"Tanki","ٹينکى"
"Tanky","ٹينکى"
"Tanveer","تنوير"
"Tanvir","تنوير"
"Tanweer","تنوير"
"Taoseef","توصيف"
"Taqi","تقى"
"Taqwa","تقوىٰ"
"Tarar","تارڑ"
"Tariq","طارق"
"Tarkhan","ترکھان"
"Tarkhanwala","ترکھانوالا"
"Tasawar","تصور"
"Tasleem","تسليم"
"Tassadaq","تصدق"
"Tata","ٹاٹا"
"Tatar","تاتار"
"Tatari","تاتارى"
"Tauqeer","توقير"
"Tauseef","توصيف"
"Tawakal","توکل"
"Tawakel","توکل"
"Tawel","ٹاول"
"Tax","ٹيکس"
"Taxation","ٹيکسيشن"
"Taxations","ٹيکسيشنز"
"Taxes","ٹيکسز"
"Tayab","طيب"
"Tayyab","طيب"
"Tayyeba","طيبہ"
"Tazia","تعزيہ"
"Tcs","ٹي سي ايس"
"TD","ٹي ڈي"
"teacher","ٹيچر"
"Tear","آنسو"
"Techincal","ٹيکنيکل"
"Technical","ٹيکنيکل"
"Teeka","ٹکا"
"Teela","ٹيلا"
"Tehreek","تحريک"
"tehsil","تحصيل"
"Tehsildar","تحصيلدار"
"Tehzeeb","تہذیب"
"Tek","ٹيک"
"Telephone","ٹيلىفون"
"Temporary","عارضى"
"Tents","ٹينٹس"
"Term","مدت"
"Terrorist","دہشت گردى"
"Terry","ٹيرى"
"Tex","ٹيکس"
"Tex.","ٹيکس"
"Textile","ٹيکسٹائل"
"Textile,","ٹيکسٹائل"
"Textiles","ٹيکسٹائلز"
"Tezab","تيزاب"
"Thaheem","تہیم"
"Thair","طاہر"
"Thalla","تھیلہ"
"Thalochi","تھلوچى"
"Tharaj","تھراج"
"Thata","ٹھٹھہ"
"Thatha","ٹھٹھہ"
"Thathi","ٹھٹھى"
"Thati","ٹھٹھى"
"Thatta","ٹھٹھہ"
"Thatti","ٹھٹھى"
"Thattim","تھيم"
"The","دى"
"Theft","سرقہ"
"thing","اشیاء"
"Thitti","ٹھٹى"
"Thousand","ہزار"
"Thread","دھاگہ"
"Three","تہرى"
"Tiba","ٹبہ"
"Tibba","ٹبہ"
"Ticket","ٹکٹ"
"Tika","ٹکا"
"Tikka","ٹکا"
"Till","تل"
"Time","ٹائم"
"to","ٹو"
"Toba","ٹوبہ"
"Tofail","ظفيل"
"Tolya","توليہ"
"tools","اوزار"
"Tousif","توصيف"
"Towel","ٹاول"
"Towels","ٹاولز"
"Tower","ٹاور"
"Towlers","ٹاورز"
"Town","ٹاؤن"
"Town,","ٹاؤن"
"Trade","ٹريڈ"
"trader","ٹریڈر"
"Traders","ٹريڈرز"
"Traders,","ٹريڈرز"
"Trading","ٹريڈنگ"
"Traffic","ٹريفک"
"Training","ٹريننگ"
"Transfer","ٹرانسفر"
"Transferred","ٹرانسفرڈ"
"Transportation","ٹرانسپورٹيشن"
"Travel","ٹریول"
"Traveling","سفر"
"Travelling","سفر"
"Treasury","خزانہ"
"TREO","ٹى آر اى او"
"Trimmu","تريموں"
"Trimu","تريموں"
"Trust","ٹرسٹ"
"tt","ٹى ٹى"
"Ttraders","ٹريڈرز"
"Tufail","طفيل"
"Tuqleer","توقير"
"Turab","تراب"
"Turbat","تربت"
"Twon","ٹاون"
"Typist","ٹائپسٹ"
"U","يو"
"u/s","بجرم"
"Ubaidullah","عبيداللہ"
"UBL","يوبى ايل"
"Uch","اچ"
"Uchgul","اچگل"
"ud","الد"
"Ufone","یوفون"
"ul","ال"
"Ulfat","الفت"
"Ullah","اللہ"
"Umair","عمير"
"Umar","عمر"
"Umer","عمر"
"un","ان"
"Under","انڈر"
"Undlas","اندلس"
"UNI","يونى"
"Union","يونين"
"Unit","يونٹ"
"United","يونائٹڈ"
"Universal","يونيورسل"
"unknown","نامعلوم"
"Unloading","انلوڈنگ"
"Uns","انس"
"Up","اپ"
"Upper","اپر"
"ur","ال"
"Urdu","اردو"
"us","بجرم"
"Usama","اسامہ"
"Use","استعمال"
"Used","استعمالشدہ"
"Usman","عثمان"
"UT","يوٹى"
"uz","از"
"V","وى"
"Vahari","وہاڑى"
"Vains","وينس"
"varhari","وہاڑى"
"Vehari","وہاڑى"
"Vehicle","وھيکل"
"Vehicles","وہيکلز"
"W","ڈبليو"
"W/F","ويسٹ فيکٹرى"
"W/O","زوجہ"
"W/P","ويسٹ پلانٹ"
"Waali","والى"
"Waday","وڈے"
"Wadday","وڈے"
"Wadi","وادى"
"Wages","ويجز"
"Wahab","وہاب"
"Waheed","وحيد"
"Wahid","واحد"
"Wains","وينس"
"Waiste","ويسٹ"
"Wajahat","وجاہت"
"Wajbar","وجبر"
"Wajid","واجد"
"Wakeel","وکيل"
"Wal","وال"
"Wala","والا"
"Walayat","ولائت"
"Wali","والى"
"Walli","ولى"
"waly","والے"
"Wan","وان"
"Wanoka","ونوکہ"
"Wanooka","ونوکہ"
"Wapda","واپڈا"
"Waqar","وقار"
"Waqas","وقاص"
"Waqas-ur-Rehman","وقاص الرحمٰن"
"Ward","وارڈ"
"Wardi","وردى"
"Warid","وادر"
"Waris","وارث"
"Warraich","ورائچ"
"Waryam","وريام"
"WASA","واسا"
"Wasava","وساوا"
"Wasawa","وساوا"
"Waseem","وسيم"
"Wasim","وسيم"
"Waste","ويسٹ"
"Waste,","ويسٹ"
"Wasts","ويسٹس"
"Wasu","واصو"
"Watch","واچ"
"Wate","ويٹ"
"Water","واٹر"
"Wave","ويو"
"Wazeer","وزیر"
"Wealth","ويلتھ"
"Weapon","ويپن"
"Weaving","ويونگ"
"Wedding","شادی"
"Weigh","وزن"
"Weighing","وينگ"
"Weighment","وزن"
"Weight","وزن"
"Welfair","ويلفئر"
"Welfare","ويلفيئر"
"West","غربى"
"Western","غربى"
"Wheat","گندم"
"White","وائٹ"
"Widow","بيوہ"
"Wijhalkay","وجھلکے"
"Wind","ونڈ"
"Winding","وائنڈنگ"
"Window","المارى"
"With","ود"
"without","کے بغير"
"Women","خواتين"
"Woolen","وولن"
"Work","ورک"
"Workers","ورکرز"
"Work-in-progress","ورک ان پراگرس"
"Works","ورکس"
"Works,","ورکس"
"Workshop","ورکشاپ"
"World","ورلڈ"
"Writer","رائٹر"
"X","ايکس"
"Y","وائى"
"yahoo","یاہو"
"Yahya","يحيٰى"
"Yameen","يامين"
"Yamin","يامين"
"Yaqoob","يعقوب"
"Yaqub","يعقوب"
"YAR","يار"
"Yarn","يارن"
"Yarns","يارنز"
"Yaseen","ياسين"
"Yasin","ياسين"
"Yasmeen","ياسمين"
"Year","سال"
"Younas","يونس"
"Younis","يونس"
"Younus","يونس"
"Yousaf","يوسف"
"Yousif","يوسف"
"Z","زيڈ"
"Zada","زادا"
"Zafar","ظفر"
"Zafarullah","ظفر اللہ"
"Zafrullah","ظفر اللہ"
"Zahara","زہرہ"
"Zaheer","ظہير"
"Zaheer-ud-Din","ظہيرالدين"
"Zahid","زاہد"
"Zahoor","ظہور"
"Zahra","زہرہ"
"Zaib","زيب"
"Zaidi","زيدى"
"Zain","زين"
"Zainab","زينب"
"Zainbia","زينبيہ"
"Zaineb","زينب"
"Zakat","زکٰوة"
"Zakir","ذاکر"
"Zam","ز م"
"Zaman","زمان"
"Zameer","ضمير"
"Zamir","ضمير"
"Zamir-ul-Hassan","ضميرالحسن"
"Zamurd","زمرد"
"Zanabia","زينبيہ"
"Zareen","زرين"
"Zargam","ضرغام"
"Zawar","زوار"
"Zeb","زيب"
"Zeba","زيبا"
"Zeeshan","ذيشان"
"Zehra","زہرہ"
"Zeshan","ذيشان"
"Zia","ضيا"
"Zia-Ullah","ضيا اللہ"
"Zil","زل"
"Zila","ضلع"
"Zolfiqar","ذوالفقار"
"Zone","زون"
"Zong","زونگ"
"Zubair","زبير"
"Zuhra","زہرا"
"Zulafqar","ذوالفقار"
"Zulfiqar","ذوالفقار"
"ZulfiqarAli","ذوالفقارعلى"
"Zulifqar","ذوالفقار"
"Zulqarnain","ذوالقرنين"
"Zum","زم"
"Zurah","زہرہ"
"Per","فی"
"Isntalment","قسط"
"Rayan","ریان"
"Arab","عرب"
"Viagnor","ویگنار"
"Jazz","جاز"
"Month","ماہ"
"Febuary","فروری"
"Life","لالف"
"Ms","مس"
"Sataar","ستار"
"Agriculture","زرعی"
"Mudrisa","مدرسہ"
"Entries","انٹریز"
"Maaf","معاف"
"Parents","والدین"
"Contract","ٹھیکہ"
"Accor","ایکڑ"
"Kanal","کینال"
"Trasfer","ٹرانسفر"
"Alfa","الفا"
"App","ایپلیکیشن"
"March","مارچ"
"Molana","مولانا"
"Ulrehman","الرحمٰن"
"April","اپریل"
"Saddiqa","صدیقہ"
"June","جون"
"Mamona","میمونہ"
"Qurbani","قربانی"
"Maher","مہر"
"Augast","اگست"
"Refrence","حوالہ"
"November","نومبر"
"Octobar","اکتوبر"
"September","ستمبر"
"October","اکتبوبر"
"December","دسبمر"
"Aness","انیس"
"Own","عون"
"Registration","رجسٹریشن"
"Traival","ٹریول"
"Janan","جنان"
"Registry","رجسٹری"
"Gari","گاڑی"
"Arslan","ارسلان"
"Marla","مرلہ"
"Rayal","ریال"
"Truck","ثدک"
"Reveived","وصول"
"Maria","ماریہ"
"Suzuki","سوزوکی"
"Sana","ثنا"
"Aksha","عکشا"
"Abbasi","عباسی"
"professional","پروفیشنل"
"Ahsaan","احسان"
"cow","گاے"
"Dua","دعا"
"Sumia","ثُمیہ"
"Statment","سٹیٹمنٹ"
"Shifa","شفا"
"Banu","بنوں"
"Minimum","زیادہ کمی"
"Balance","بیلنس"
